,鞍部,淡水,竹子湖,基隆,台北,新屋,板橋,新竹,宜蘭,蘇澳,梧棲,台中,花蓮,日月潭,阿里山,嘉義,玉山,成功,永康,台南,台東,高雄,大武,恆春
2021-05-01-01,110,130,320,180,160,210,200,130,290,250,200,120,240,260,90,50,260,330,0,160,330,340,280,0
2021-05-01-02,30,100,330,210,160,220,200,120,270,250,190,110,250,260,100,140,250,340,150,150,330,60,300,340
2021-05-01-03,220,160,350,210,160,210,220,120,260,260,190,130,250,20,110,190,280,320,140,130,320,70,280,340
2021-05-01-04,100,150,350,210,170,210,210,130,270,270,210,110,230,290,120,0,280,320,140,150,320,70,280,330
2021-05-01-05,160,130,350,200,160,210,220,120,270,250,180,160,240,320,20,90,270,330,160,120,320,30,260,300
2021-05-01-06,130,140,340,210,160,210,210,120,300,230,170,0,250,320,80,70,290,330,130,90,310,50,300,350
2021-05-01-07,10,150,20,210,180,210,210,120,240,240,180,120,240,360,90,200,360,0,120,0,340,60,290,320
2021-05-01-08,80,160,360,220,170,220,250,100,240,280,190,240,230,310,20,220,360,150,170,160,320,0,280,320
2021-05-01-09,360,170,240,210,140,220,0,100,160,160,230,200,220,160,80,200,170,190,300,220,270,240,180,310
2021-05-01-10,70,170,250,190,140,230,160,260,180,90,230,220,170,320,20,260,160,200,260,240,170,250,130,290
2021-05-01-11,360,300,240,220,110,240,0,280,100,100,240,240,160,330,340,300,170,180,280,230,180,250,120,300
2021-05-01-12,350,310,240,30,270,250,220,290,70,40,280,230,160,320,10,290,180,180,280,240,180,280,70,300
2021-05-01-13,20,310,280,30,360,250,270,280,50,50,290,270,170,330,350,270,180,180,270,230,150,270,50,320
2021-05-01-14,260,320,300,40,320,230,250,270,30,80,280,250,170,330,340,270,170,160,280,220,150,280,60,320
2021-05-01-15,190,300,250,20,290,240,240,260,50,30,280,250,170,290,320,300,170,180,260,240,170,280,40,340
2021-05-01-16,190,310,250,30,310,230,230,280,40,50,240,210,190,280,340,280,120,180,270,240,120,300,50,330
2021-05-01-17,240,310,240,20,300,230,280,270,40,110,280,230,180,260,340,290,190,190,260,260,90,290,50,280
2021-05-01-18,150,320,50,350,70,230,320,280,40,40,250,240,190,200,350,290,0,180,260,240,80,320,310,320
2021-05-01-19,160,50,50,340,80,210,0,190,20,250,220,250,60,180,320,270,220,340,330,330,40,340,300,330
2021-05-01-20,140,60,60,350,120,210,0,180,300,240,210,220,330,100,190,300,220,330,360,50,10,320,310,320
2021-05-01-21,170,80,50,0,150,160,230,80,290,250,220,120,210,360,0,350,200,340,340,330,20,330,330,360
2021-05-01-22,170,140,50,250,160,210,220,70,300,260,180,150,280,350,120,0,170,330,320,310,320,290,240,360
2021-05-01-23,150,80,50,40,110,200,210,80,350,280,190,100,240,340,160,60,210,330,340,360,310,300,290,100
2021-05-01-24,340,80,50,40,100,70,70,70,330,240,200,150,240,320,0,70,210,330,40,30,330,40,300,60
2021-05-02-01,360,80,60,30,130,100,240,100,290,230,140,80,230,300,0,60,210,340,50,30,320,40,270,60
2021-05-02-02,70,90,50,30,170,130,200,30,260,240,160,150,240,300,290,70,230,340,110,10,320,50,300,20
2021-05-02-03,40,120,50,340,160,110,220,100,240,240,70,80,250,280,0,60,220,340,80,50,310,50,290,60
2021-05-02-04,190,140,50,340,170,100,240,100,240,240,110,140,290,330,180,60,230,340,50,50,320,70,280,110
2021-05-02-05,180,130,60,190,160,360,70,140,250,240,140,130,250,260,350,80,230,340,80,60,320,50,290,350
2021-05-02-06,20,120,60,170,150,120,190,120,240,250,150,160,260,330,0,50,240,340,50,10,320,70,310,90
2021-05-02-07,10,150,30,160,160,90,220,110,260,270,150,170,250,360,340,90,300,330,20,50,310,50,290,40
2021-05-02-08,160,210,180,360,190,70,60,80,20,90,10,170,240,170,340,10,330,0,10,30,320,20,80,80
2021-05-02-09,200,180,210,40,150,60,110,20,50,60,30,220,240,330,360,360,-999,140,350,310,140,240,40,70
2021-05-02-10,180,270,220,50,30,20,280,360,120,70,10,10,160,340,340,340,190,160,360,100,110,270,50,130
2021-05-02-11,210,300,210,40,300,20,280,30,90,80,360,240,120,300,330,340,180,160,280,300,130,290,80,180
2021-05-02-12,360,300,210,20,300,10,240,360,90,90,360,340,100,330,350,300,160,140,320,290,120,300,120,210
2021-05-02-13,350,310,230,360,340,30,90,360,80,80,10,350,120,320,340,320,140,90,290,300,100,310,120,280
2021-05-02-14,350,350,230,350,330,10,30,360,80,80,10,350,90,320,320,300,140,140,300,280,100,300,120,20
2021-05-02-15,80,10,30,360,330,30,20,360,80,60,20,350,90,330,60,350,100,110,310,290,110,310,120,290
2021-05-02-16,80,10,30,20,80,50,10,10,70,80,30,330,70,270,80,350,100,120,330,310,100,300,50,130
2021-05-02-17,100,210,20,30,90,40,70,60,60,80,20,330,70,280,10,350,110,100,350,330,80,310,40,80
2021-05-02-18,150,330,30,60,80,50,70,30,60,100,30,330,20,210,120,350,120,20,330,330,70,310,30,70
2021-05-02-19,160,140,50,60,100,40,60,360,40,210,20,360,10,70,280,330,140,340,350,340,40,300,20,90
2021-05-02-20,180,120,60,80,90,40,80,360,60,220,40,10,340,190,240,310,140,350,360,350,50,310,20,70
2021-05-02-21,190,120,60,40,90,40,60,350,90,130,30,330,320,190,0,310,150,30,350,360,10,310,30,90
2021-05-02-22,160,60,40,40,100,50,70,100,70,160,30,350,330,160,90,290,170,40,330,320,40,300,20,60
2021-05-02-23,160,130,50,30,100,60,70,100,100,140,20,20,330,190,150,280,160,340,340,340,40,340,30,80
2021-05-02-24,190,120,50,40,100,60,60,90,120,130,10,170,260,200,340,280,180,340,340,340,100,310,40,80
2021-05-03-01,190,90,70,100,100,90,60,80,150,150,10,130,260,200,230,290,200,20,350,350,350,60,40,80
2021-05-03-02,180,120,70,50,100,180,70,90,120,150,190,200,210,200,270,280,210,360,340,360,300,60,40,80
2021-05-03-03,180,120,80,70,100,210,70,120,140,160,190,220,300,250,0,250,210,20,10,360,40,60,50,90
2021-05-03-04,190,120,80,100,90,140,70,110,120,150,180,180,250,100,70,240,200,320,40,10,330,30,10,80
2021-05-03-05,180,130,90,110,100,140,70,120,120,160,180,200,230,10,150,270,220,320,360,30,310,350,20,90
2021-05-03-06,180,130,80,90,100,90,-999,120,110,190,200,200,240,50,300,240,220,120,350,350,340,340,20,80
2021-05-03-07,180,140,90,100,90,60,70,120,130,170,210,220,250,240,160,250,210,230,360,20,20,340,30,90
2021-05-03-08,180,140,120,70,110,350,60,140,130,180,320,190,220,190,130,280,220,250,10,360,30,10,40,80
2021-05-03-09,180,150,140,90,120,320,60,150,130,140,320,210,170,330,200,330,180,180,20,10,40,10,40,70
2021-05-03-10,180,150,170,110,130,340,60,80,120,160,330,180,160,340,250,310,170,360,20,340,40,10,50,70
2021-05-03-11,190,140,180,120,120,320,70,150,120,160,320,220,170,340,310,320,170,220,360,360,60,20,40,60
2021-05-03-12,180,150,210,90,130,280,60,290,120,170,20,240,170,300,220,330,180,0,10,360,80,10,40,70
2021-05-03-13,190,150,190,100,140,240,90,300,90,140,310,180,170,320,60,20,200,360,360,20,70,270,40,80
2021-05-03-14,190,160,190,120,130,250,60,290,50,150,340,210,160,310,150,10,200,170,340,300,60,290,40,70
2021-05-03-15,200,160,100,100,120,250,70,280,10,150,350,260,150,330,300,350,240,110,330,290,70,300,30,80
2021-05-03-16,220,280,120,110,90,260,70,300,60,160,10,20,280,350,80,340,230,210,320,310,50,310,40,80
2021-05-03-17,200,280,0,140,130,240,70,300,20,160,30,20,200,0,40,340,220,150,330,310,70,320,360,80
2021-05-03-18,270,300,0,160,150,250,70,300,40,150,10,340,90,220,30,340,230,240,330,310,310,320,360,80
2021-05-03-19,360,300,50,200,120,260,80,300,360,160,10,340,140,190,30,360,220,260,330,340,330,330,320,90
2021-05-03-20,180,20,40,200,140,220,70,100,10,160,20,10,100,170,140,350,220,260,340,340,320,320,300,100
2021-05-03-21,180,0,70,60,120,290,60,300,0,160,40,20,160,160,160,40,300,330,10,360,320,250,300,100
2021-05-03-22,170,90,70,190,180,160,190,10,20,180,60,360,170,30,160,300,280,320,350,10,300,0,300,100
2021-05-03-23,180,110,80,170,160,90,0,100,330,160,40,0,150,260,20,0,280,290,320,170,320,290,300,100
2021-05-03-24,180,110,70,10,100,60,70,40,30,110,70,160,280,280,30,300,260,300,0,180,320,160,300,100
2021-05-04-01,180,360,60,120,70,80,60,110,30,120,0,220,240,200,90,260,270,260,10,350,320,60,300,100
2021-05-04-02,190,140,90,150,90,100,60,0,70,110,10,150,240,240,360,0,270,280,330,330,310,50,300,100
2021-05-04-03,180,150,70,170,100,210,70,250,90,120,0,0,220,350,30,60,220,260,20,10,320,50,300,100
2021-05-04-04,190,150,80,200,120,210,200,0,30,110,260,150,230,90,30,30,230,240,40,10,310,40,300,90
2021-05-04-05,180,160,90,210,220,200,210,150,340,110,210,240,230,90,30,80,210,250,40,10,320,360,300,100
2021-05-04-06,170,160,20,190,270,220,220,160,320,220,170,120,230,110,20,20,220,290,40,10,310,0,300,100
2021-05-04-07,170,160,40,210,230,210,220,200,0,30,170,0,250,60,20,90,220,230,40,10,330,360,300,100
2021-05-04-08,170,180,350,200,250,220,200,180,50,40,200,210,200,340,350,60,230,180,40,10,250,330,0,100
2021-05-04-09,180,150,250,220,180,230,250,240,70,70,170,210,140,340,300,200,220,190,320,260,180,280,120,100
2021-05-04-10,180,180,230,50,130,200,-999,280,40,160,220,190,130,340,260,200,270,190,190,180,200,230,120,100
2021-05-04-11,350,220,220,30,240,240,-999,230,40,140,230,240,180,330,170,240,270,200,220,200,200,170,140,90
2021-05-04-12,360,280,220,40,100,250,290,280,60,130,290,250,180,310,270,240,290,190,190,190,200,160,150,90
2021-05-04-13,360,300,220,350,280,270,20,280,30,140,280,270,180,330,220,230,280,190,210,180,200,170,170,110
2021-05-04-14,360,290,330,360,300,260,50,300,40,110,290,240,190,320,270,240,250,240,200,170,200,170,180,110
2021-05-04-15,350,300,220,360,330,240,290,290,30,150,280,190,180,310,250,230,250,230,200,170,200,170,170,110
2021-05-04-16,360,280,190,360,310,230,50,270,10,170,270,250,190,280,280,230,220,220,200,170,200,160,180,110
2021-05-04-17,190,300,230,30,50,230,50,310,140,150,260,260,190,290,260,240,230,220,200,180,200,160,180,100
2021-05-04-18,190,10,340,320,10,220,40,190,170,160,250,280,190,290,260,240,260,220,190,170,200,160,180,120
2021-05-04-19,90,360,50,30,310,250,60,180,130,160,240,250,180,270,140,230,240,220,180,170,210,160,180,110
2021-05-04-20,50,40,0,30,330,230,30,90,40,180,230,210,200,230,150,240,230,220,180,170,210,160,290,100
2021-05-04-21,180,90,50,360,270,140,40,70,340,180,220,220,190,170,90,220,240,220,170,170,210,160,300,110
2021-05-04-22,60,0,60,0,150,240,360,10,340,-999,220,200,190,180,100,200,250,220,160,160,210,160,240,100
2021-05-04-23,10,0,40,250,140,200,70,350,10,320,230,170,240,350,80,200,250,220,160,150,220,160,250,100
2021-05-04-24,20,40,20,160,170,240,90,100,290,280,230,190,240,130,250,170,210,230,170,150,270,160,280,100
2021-05-05-01,30,80,340,200,170,240,210,170,280,240,260,110,220,130,240,200,220,240,150,160,300,160,320,120
2021-05-05-02,10,0,310,210,160,230,0,0,270,230,230,170,240,60,70,200,240,300,170,170,280,160,310,100
2021-05-05-03,360,350,300,210,170,240,0,200,130,250,220,0,220,330,260,170,230,250,150,150,300,160,310,100
2021-05-05-04,360,330,310,160,160,250,200,180,320,260,190,0,230,340,250,240,230,340,160,140,280,160,310,120
2021-05-05-05,10,10,290,260,140,230,210,200,310,250,220,160,250,310,340,150,240,220,160,140,300,160,310,110
2021-05-05-06,350,0,300,190,220,230,200,360,290,240,200,140,240,330,320,10,240,240,150,140,310,160,300,90
2021-05-05-07,100,310,290,350,200,220,190,230,220,250,190,100,240,310,310,60,250,220,170,150,290,160,300,160
2021-05-05-08,90,20,20,30,100,240,0,230,40,230,190,40,220,330,340,140,230,200,170,180,290,170,10,170
2021-05-05-09,80,30,20,350,100,50,80,300,60,50,180,210,80,100,240,170,210,190,210,200,200,190,50,170
2021-05-05-10,180,20,10,20,100,50,70,30,60,360,200,190,50,360,220,260,270,180,190,190,170,210,130,230
2021-05-05-11,80,20,30,20,100,50,70,30,50,40,320,250,30,310,250,320,260,200,280,230,190,210,110,230
2021-05-05-12,60,20,30,20,80,50,70,30,60,40,10,350,40,320,210,310,260,180,260,230,170,210,40,250
2021-05-05-13,70,30,30,360,100,50,80,30,60,10,40,360,40,280,220,320,250,170,270,280,160,250,30,240
2021-05-05-14,100,30,30,20,100,50,70,20,60,30,40,10,30,180,180,300,230,20,310,300,140,280,40,230
2021-05-05-15,120,40,30,30,90,60,70,20,50,340,30,330,30,170,70,350,240,40,300,290,120,310,30,250
2021-05-05-16,110,20,20,30,100,60,70,60,50,10,30,350,30,200,180,350,250,30,340,310,40,310,30,270
2021-05-05-17,120,30,30,10,100,50,70,50,60,10,30,340,30,250,10,340,270,30,330,320,40,310,30,280
2021-05-05-18,100,30,30,30,100,50,70,40,60,350,30,330,40,250,20,340,270,40,350,330,50,310,30,350
2021-05-05-19,90,20,30,60,100,50,70,50,20,310,40,340,30,190,130,330,260,30,350,360,40,320,40,30
2021-05-05-20,80,20,30,50,100,50,70,20,260,360,40,350,30,180,60,350,260,30,350,360,50,320,20,60
2021-05-05-21,80,60,30,50,100,60,80,30,250,280,30,350,10,150,60,340,250,30,350,350,30,310,30,40
2021-05-05-22,100,100,30,40,100,60,70,20,230,240,30,350,340,80,20,360,220,10,10,340,40,320,40,50
2021-05-05-23,180,50,330,50,100,60,60,30,280,250,30,330,210,320,30,10,230,20,360,350,40,340,30,50
2021-05-05-24,200,70,50,50,110,50,70,30,260,240,40,340,250,320,170,360,230,20,360,340,320,340,30,70
2021-05-06-01,200,80,260,40,90,50,60,40,280,240,40,330,270,100,130,340,220,20,350,350,10,340,30,220
2021-05-06-02,200,0,320,50,90,60,60,30,0,250,50,320,240,200,150,20,240,360,350,350,310,330,20,270
2021-05-06-03,200,110,270,50,90,60,60,30,260,230,40,310,240,250,160,20,240,20,360,350,330,310,360,350
2021-05-06-04,180,90,40,70,90,60,60,20,240,270,30,30,250,250,160,360,240,20,360,340,340,340,300,260
2021-05-06-05,170,100,50,70,90,60,80,60,230,230,50,0,250,250,180,360,230,350,10,360,330,330,160,240
2021-05-06-06,190,50,40,110,90,60,50,50,310,260,40,200,250,260,170,290,240,10,10,10,340,10,300,90
2021-05-06-07,190,360,190,20,80,50,60,360,260,250,20,350,230,300,170,360,250,20,40,10,330,30,30,340
2021-05-06-08,190,330,140,20,100,40,0,110,360,260,40,340,230,340,260,290,260,30,30,10,340,290,40,50
2021-05-06-09,190,270,190,30,80,40,60,40,60,110,10,10,190,310,220,350,270,60,340,340,70,270,50,80
2021-05-06-10,190,270,210,40,90,40,10,80,60,90,20,210,140,340,260,280,240,60,320,340,90,290,50,60
2021-05-06-11,170,290,230,30,40,30,50,360,80,90,10,220,130,300,340,330,260,80,290,280,100,300,60,80
2021-05-06-12,180,360,210,360,110,40,60,360,70,90,20,240,120,300,260,360,200,110,270,300,100,300,120,80
2021-05-06-13,180,350,240,10,100,30,20,10,90,90,10,290,110,280,320,340,260,120,300,290,110,300,120,320
2021-05-06-14,190,340,220,40,90,30,320,340,70,90,10,340,100,310,310,360,260,160,300,280,120,310,120,320
2021-05-06-15,180,10,230,10,60,30,360,320,70,70,10,300,80,310,300,320,240,140,300,290,110,310,110,310
2021-05-06-16,190,10,230,10,320,40,40,300,100,90,20,320,90,310,330,330,270,140,300,280,130,310,120,330
2021-05-06-17,200,20,250,30,320,40,50,360,80,100,20,330,90,290,170,320,270,160,320,300,100,300,40,340
2021-05-06-18,60,350,280,40,80,40,50,360,60,80,20,340,70,230,190,330,260,0,330,310,90,310,70,330
2021-05-06-19,80,0,340,60,100,60,30,350,100,70,50,50,30,230,170,340,240,340,330,330,40,310,110,320
2021-05-06-20,90,0,340,140,100,80,70,60,100,90,40,220,20,170,160,360,230,330,350,350,20,320,120,20
2021-05-06-21,80,130,30,170,120,80,310,80,100,160,80,250,360,90,190,360,250,340,340,350,10,320,50,80
2021-05-06-22,170,140,40,200,120,150,0,80,160,200,0,180,360,170,180,10,230,340,340,350,20,320,340,70
2021-05-06-23,220,140,40,200,110,160,0,90,160,230,170,170,10,0,240,70,230,340,350,360,340,360,30,90
2021-05-06-24,170,140,50,160,140,130,230,90,90,220,0,90,250,360,180,20,230,340,10,10,330,340,300,90
2021-05-07-01,180,140,50,210,190,150,220,110,110,230,220,140,250,250,190,30,230,350,360,30,360,280,310,100
2021-05-07-02,10,140,70,210,170,180,200,110,10,250,270,160,230,190,190,0,260,0,340,40,320,340,310,160
2021-05-07-03,130,150,70,180,160,220,210,120,320,240,170,0,260,180,240,80,250,340,110,60,320,0,280,120
2021-05-07-04,200,140,40,200,160,210,210,100,280,290,180,0,240,180,200,20,260,280,30,20,320,140,300,100
2021-05-07-05,130,140,360,210,170,220,210,90,280,270,190,150,240,180,240,60,260,330,360,170,310,310,260,80
2021-05-07-06,160,180,360,200,160,210,200,110,280,230,220,140,240,190,180,20,250,350,140,130,310,340,160,80
2021-05-07-07,170,170,250,210,190,210,230,120,290,220,190,180,230,280,230,280,270,0,150,100,320,40,210,50
2021-05-07-08,160,140,250,190,190,230,200,200,350,80,210,210,220,290,320,200,260,170,150,100,200,40,160,100
2021-05-07-09,160,280,260,180,310,230,240,280,80,70,220,200,160,290,10,280,290,180,200,260,180,220,160,140
2021-05-07-10,140,300,250,200,280,230,230,280,70,140,280,210,160,330,300,280,260,190,220,340,180,280,160,180
2021-05-07-11,180,310,260,40,310,250,240,280,60,120,280,200,160,320,300,270,230,200,280,260,190,280,150,180
2021-05-07-12,360,310,270,30,300,240,290,280,70,140,290,220,160,320,250,280,260,200,260,250,180,290,170,190
2021-05-07-13,360,310,230,30,300,250,250,270,60,140,290,280,170,290,220,330,250,190,260,260,200,280,160,180
2021-05-07-14,360,300,230,70,290,250,260,280,40,130,300,270,170,290,250,260,240,150,260,260,200,290,180,180
2021-05-07-15,340,310,260,70,320,250,270,280,30,40,300,250,150,290,240,270,240,50,280,280,200,300,180,170
2021-05-07-16,60,310,260,20,360,250,270,280,40,30,320,240,150,300,300,320,220,200,310,290,190,300,180,180
2021-05-07-17,160,300,290,350,350,240,240,280,50,60,310,250,150,310,180,300,240,320,300,300,90,310,40,240
2021-05-07-18,170,300,10,290,360,220,290,270,40,130,290,250,150,270,180,300,250,260,310,300,40,310,30,280
2021-05-07-19,210,30,40,270,40,210,0,250,40,70,270,230,180,180,180,290,230,220,310,290,50,300,30,280
2021-05-07-20,200,60,40,240,90,210,50,170,40,0,260,200,200,180,90,320,290,330,330,280,60,290,40,30
2021-05-07-21,210,130,60,360,120,210,60,100,0,0,170,200,210,170,210,40,290,0,340,330,260,290,70,100
2021-05-07-22,170,20,60,10,140,300,200,70,0,250,190,150,200,130,150,90,260,320,10,320,230,250,110,80
2021-05-07-23,170,40,60,30,300,110,20,20,330,230,200,160,300,120,80,70,250,340,130,140,40,240,120,100
2021-05-07-24,40,20,60,340,290,70,190,50,320,220,210,0,220,230,90,150,260,320,160,180,10,190,160,120
2021-05-08-01,360,30,150,130,300,0,200,360,290,210,260,220,210,180,10,190,260,220,210,180,310,180,170,100
2021-05-08-02,170,360,70,220,300,200,230,120,280,240,280,190,230,210,50,220,290,230,190,180,250,170,180,120
2021-05-08-03,120,100,220,200,200,220,210,170,270,230,180,180,230,210,280,250,300,220,190,170,270,170,250,100
2021-05-08-04,20,0,340,220,230,230,220,0,270,230,210,200,240,290,110,250,310,240,170,170,230,160,300,120
2021-05-08-05,30,80,310,190,280,240,200,190,0,250,170,190,230,360,80,40,280,240,140,160,270,160,250,100
2021-05-08-06,20,10,320,230,260,230,0,170,240,240,170,200,240,30,60,90,310,220,180,160,280,170,350,120
2021-05-08-07,180,150,210,180,100,220,340,0,190,250,180,160,230,340,130,50,270,20,140,150,270,50,260,100
2021-05-08-08,130,150,300,260,290,240,230,280,250,130,190,200,220,110,330,140,250,50,160,190,200,50,160,100
2021-05-08-09,150,320,260,240,260,250,250,280,60,150,240,210,190,180,350,200,260,180,150,180,200,220,160,170
2021-05-08-10,160,310,220,180,290,250,330,280,70,360,280,240,170,340,280,220,260,190,190,170,210,170,170,160
2021-05-08-11,20,310,290,40,340,270,300,290,50,90,280,230,180,290,250,230,260,190,210,200,200,180,170,170
2021-05-08-12,360,310,300,40,320,280,290,280,60,120,290,260,180,320,140,240,270,190,220,200,200,180,180,160
2021-05-08-13,10,310,290,40,310,270,280,280,50,120,290,260,180,300,140,260,230,190,230,210,210,200,180,150
2021-05-08-14,10,320,320,20,320,300,330,300,50,90,300,270,160,300,170,260,220,190,240,210,200,210,180,160
2021-05-08-15,360,360,330,10,330,310,330,300,60,10,300,230,90,300,200,280,270,180,260,240,220,210,180,170
2021-05-08-16,20,340,330,10,310,330,20,310,80,60,320,220,110,290,200,280,250,190,260,220,240,230,190,170
2021-05-08-17,360,20,350,60,330,340,350,360,20,30,350,270,80,290,280,280,270,230,270,250,250,280,220,250
2021-05-08-18,360,20,350,340,50,30,300,360,170,270,10,350,50,330,170,300,260,210,270,230,220,310,220,250
2021-05-08-19,20,110,330,200,260,180,230,120,150,90,50,10,20,190,150,320,250,340,320,330,20,310,230,320
2021-05-08-20,150,140,290,190,190,220,210,110,180,80,150,70,20,140,190,360,240,350,340,320,40,310,40,320
2021-05-08-21,210,140,10,210,130,220,60,160,250,170,360,240,20,90,190,350,220,330,360,330,40,330,20,320
2021-05-08-22,170,130,60,230,110,110,350,90,220,120,0,230,20,320,210,260,240,320,320,360,20,320,260,330
2021-05-08-23,160,100,60,200,180,110,0,80,150,360,360,130,320,280,140,360,240,40,330,320,20,290,330,90
2021-05-08-24,140,120,50,260,150,140,250,120,100,230,30,220,220,190,220,20,260,350,320,300,40,290,310,100
2021-05-09-01,200,140,70,300,150,150,200,100,300,340,90,350,300,330,200,350,250,350,180,180,20,280,310,110
2021-05-09-02,80,150,60,190,130,200,220,100,320,270,90,0,190,250,300,80,240,350,140,180,30,220,300,70
2021-05-09-03,190,140,50,200,150,230,200,120,220,260,0,160,280,130,160,350,220,340,110,110,330,310,270,120
2021-05-09-04,160,140,60,170,170,190,230,100,250,290,190,150,270,200,40,360,220,340,50,50,310,340,300,120
2021-05-09-05,70,50,20,150,210,0,200,110,250,240,220,120,260,280,150,100,220,340,60,350,310,30,280,30
2021-05-09-06,30,90,350,160,160,300,200,120,280,260,0,160,260,260,150,90,210,320,100,60,320,10,310,350
2021-05-09-07,20,130,340,180,140,200,250,100,90,240,180,240,240,360,220,70,220,120,100,40,320,50,310,350
2021-05-09-08,40,340,300,100,60,220,240,60,50,340,180,240,220,350,230,180,280,150,20,360,240,30,110,330
2021-05-09-09,70,280,220,20,260,300,220,300,50,30,240,220,80,330,270,260,290,0,150,230,170,300,160,240
2021-05-09-10,190,290,240,50,240,310,260,290,80,60,300,230,90,340,240,290,300,160,280,240,170,290,150,300
2021-05-09-11,100,310,220,30,300,290,280,290,90,60,300,220,90,330,190,240,270,100,230,240,120,300,60,260
2021-05-09-12,340,300,230,30,320,280,300,290,90,90,310,230,80,350,280,280,260,90,280,250,100,300,110,320
2021-05-09-13,180,310,250,40,340,300,40,300,80,90,310,240,90,310,270,290,200,100,270,270,90,300,70,260
2021-05-09-14,180,290,230,40,320,280,40,320,90,80,310,240,90,280,50,300,260,80,270,280,100,310,40,280
2021-05-09-15,190,290,230,50,310,280,360,290,70,80,310,270,100,290,160,290,230,40,270,300,60,310,30,260
2021-05-09-16,200,310,210,20,310,280,290,290,60,90,310,250,90,300,310,300,260,40,280,300,60,310,30,270
2021-05-09-17,180,300,220,40,320,300,300,290,110,80,360,360,30,320,280,320,260,40,310,300,70,310,30,300
2021-05-09-18,170,0,0,40,220,300,0,320,90,80,10,310,20,230,190,330,240,30,300,320,60,310,30,320
2021-05-09-19,170,80,70,30,110,250,320,290,100,220,10,330,10,180,230,320,250,20,320,310,50,310,30,330
2021-05-09-20,350,340,40,320,50,260,300,280,0,290,30,340,360,180,230,310,250,310,320,320,40,320,360,330
2021-05-09-21,110,30,350,350,300,220,280,190,320,230,40,330,280,180,290,350,260,340,340,330,40,320,300,280
2021-05-09-22,150,0,280,0,230,200,250,170,320,240,10,350,270,190,210,20,260,340,330,340,70,330,300,340
2021-05-09-23,190,170,280,200,240,140,230,140,270,250,170,110,240,160,200,80,250,320,360,340,50,320,260,330
2021-05-09-24,190,310,40,40,90,30,0,110,210,240,190,180,240,130,180,350,220,310,60,70,20,320,300,310
2021-05-10-01,190,30,60,350,70,60,50,40,270,260,230,220,260,360,210,260,270,340,170,160,290,260,300,160
2021-05-10-02,170,0,40,360,70,80,70,80,330,230,240,200,230,40,230,230,220,330,170,160,280,210,310,130
2021-05-10-03,180,90,60,260,110,150,260,0,20,230,70,340,230,320,230,230,220,310,210,180,300,190,290,100
2021-05-10-04,190,120,50,180,170,200,210,120,220,230,100,330,270,320,240,220,250,320,240,240,310,210,200,100
2021-05-10-05,180,140,50,180,140,220,210,100,230,230,120,0,280,70,220,80,240,340,280,210,330,180,320,100
2021-05-10-06,340,140,50,200,150,220,0,110,260,240,180,190,300,150,220,70,240,330,40,230,310,210,300,0
2021-05-10-07,30,160,40,220,170,240,250,130,260,80,200,200,240,160,280,170,250,200,150,170,350,200,200,10
2021-05-10-08,170,300,310,220,240,250,200,270,230,120,210,200,230,180,250,240,250,0,120,240,260,190,140,180
2021-05-10-09,350,300,210,30,260,250,250,280,100,150,240,200,170,300,310,240,220,200,210,230,200,200,150,220
2021-05-10-10,180,310,240,360,350,250,260,280,80,140,240,210,150,360,210,240,220,200,210,230,180,200,160,240
2021-05-10-11,360,310,220,20,350,260,280,280,60,130,280,230,160,290,220,240,230,190,260,230,180,220,0,240
2021-05-10-12,360,310,210,20,340,260,270,290,60,130,290,230,170,300,290,250,210,190,270,230,200,240,170,240
2021-05-10-13,80,310,210,30,350,260,260,280,50,150,280,260,120,290,240,260,270,190,250,250,170,240,160,220
2021-05-10-14,190,320,220,30,360,250,290,290,50,140,280,240,110,320,220,280,260,220,270,260,110,250,160,260
2021-05-10-15,190,310,200,20,350,230,290,280,50,130,290,260,120,290,310,290,260,210,260,240,100,270,180,230
2021-05-10-16,190,310,210,20,360,230,240,280,50,130,280,250,170,310,320,280,210,210,250,260,110,280,220,260
2021-05-10-17,170,300,220,20,50,230,210,290,50,120,290,250,170,320,300,290,230,230,260,240,70,270,220,270
2021-05-10-18,180,300,190,320,60,240,70,280,50,190,260,270,170,270,210,290,240,230,260,230,90,220,40,260
2021-05-10-19,180,10,80,290,40,240,360,290,20,160,280,230,180,210,170,240,250,260,240,210,110,200,20,270
2021-05-10-20,200,40,60,20,340,240,30,240,20,140,270,220,190,180,300,240,260,240,210,210,80,220,230,340
2021-05-10-21,160,60,100,30,50,220,0,220,40,0,210,200,190,180,220,250,260,220,210,180,100,190,280,70
2021-05-10-22,150,120,60,0,70,220,230,240,290,0,200,210,190,180,180,250,250,360,180,160,40,180,210,40
2021-05-10-23,160,120,40,20,230,220,210,230,0,270,190,190,170,180,180,190,210,200,160,150,330,170,170,70
2021-05-10-24,140,60,60,220,170,220,220,210,280,240,230,220,240,330,50,210,250,360,170,140,270,160,240,120
2021-05-11-01,170,100,60,180,200,220,210,190,300,230,220,200,240,190,10,240,240,270,180,150,280,160,110,100
2021-05-11-02,130,360,360,200,220,200,200,180,330,260,190,200,200,180,100,240,240,240,160,160,260,170,240,100
2021-05-11-03,120,0,10,200,170,220,190,180,280,280,190,200,240,100,120,180,230,220,150,140,280,160,160,100
2021-05-11-04,80,0,10,140,190,240,200,100,240,230,190,200,240,60,90,170,230,10,150,120,280,160,330,120
2021-05-11-05,110,130,350,170,160,230,200,120,270,220,190,200,220,80,130,190,230,60,160,140,290,160,300,100
2021-05-11-06,100,150,350,150,150,230,0,130,0,240,190,210,230,0,40,50,230,30,150,120,310,160,260,10
2021-05-11-07,80,220,360,140,170,230,200,120,10,300,200,180,220,300,40,320,230,110,160,140,310,160,240,130
2021-05-11-08,120,210,300,190,160,230,190,140,80,40,220,190,190,0,350,240,220,230,160,160,240,180,190,260
2021-05-11-09,130,220,320,160,260,230,190,240,80,30,230,220,140,340,150,220,210,190,180,180,170,190,160,230
2021-05-11-10,170,210,210,40,170,230,210,270,50,20,230,200,180,320,320,220,220,200,230,220,200,200,170,240
2021-05-11-11,140,310,210,20,270,240,220,270,30,60,270,210,190,320,300,240,230,200,240,220,200,190,180,230
2021-05-11-12,350,310,230,10,310,250,220,270,40,140,280,220,180,310,170,270,250,200,230,240,210,220,180,250
2021-05-11-13,10,300,220,30,340,240,260,280,40,140,270,250,180,300,190,260,220,200,260,250,220,230,180,270
2021-05-11-14,360,310,230,40,30,240,280,270,30,140,290,260,170,290,270,250,240,190,260,240,210,230,180,230
2021-05-11-15,10,320,230,30,80,240,250,280,30,150,270,230,180,290,210,250,260,190,260,250,220,260,190,270
2021-05-11-16,170,320,240,40,100,230,70,270,40,80,260,240,180,280,100,280,240,190,260,230,220,260,220,280
2021-05-11-17,190,310,240,30,100,220,60,280,40,110,230,230,170,290,310,270,250,210,240,240,200,290,210,260
2021-05-11-18,350,340,290,10,100,230,70,280,30,150,230,210,180,210,130,250,240,360,260,230,140,300,220,280
2021-05-11-19,110,30,70,320,80,220,60,270,100,60,230,220,170,180,240,250,240,310,270,260,50,310,30,290
2021-05-11-20,140,20,50,50,50,210,250,180,350,110,200,210,200,170,110,240,270,0,230,190,30,310,40,290
2021-05-11-21,160,130,50,10,110,200,0,170,280,0,180,220,190,140,100,180,240,0,170,170,40,300,300,310
2021-05-11-22,130,140,10,330,80,170,60,70,290,230,190,160,200,350,180,200,250,0,180,160,20,210,280,290
2021-05-11-23,140,150,340,200,130,170,140,100,320,240,170,130,280,80,210,180,220,0,170,180,310,180,300,10
2021-05-11-24,140,160,10,180,170,190,250,140,280,230,180,140,0,90,170,140,230,360,160,160,260,210,300,0
2021-05-12-01,30,130,350,190,110,220,210,70,280,230,180,150,90,100,250,140,230,350,150,160,260,180,280,120
2021-05-12-02,30,60,320,200,190,250,220,100,300,220,190,80,100,20,160,160,220,250,170,150,310,180,300,340
2021-05-12-03,20,50,330,170,120,240,210,80,300,260,230,140,360,310,210,230,230,240,170,160,350,180,300,0
2021-05-12-04,40,70,340,120,150,240,210,90,290,230,220,220,340,330,240,200,230,260,160,150,330,190,300,280
2021-05-12-05,150,130,350,120,140,230,200,120,250,240,190,200,310,290,50,180,230,330,160,150,290,170,300,0
2021-05-12-06,140,140,340,110,170,220,210,120,160,260,190,230,230,240,130,200,230,340,170,140,320,60,300,0
2021-05-12-07,180,150,330,20,150,230,0,350,350,220,190,190,230,300,260,200,240,0,160,140,340,50,300,340
2021-05-12-08,160,180,200,60,70,230,220,240,70,60,200,220,220,220,250,170,250,160,140,160,310,200,40,260
2021-05-12-09,170,230,250,190,240,230,220,280,90,120,210,200,120,320,260,240,230,200,240,160,140,250,40,280
2021-05-12-10,40,270,250,240,280,230,220,280,100,140,230,230,110,320,320,250,240,200,260,230,130,290,40,270
2021-05-12-11,160,310,240,30,230,240,280,290,90,140,270,190,130,280,250,240,210,200,270,250,110,290,40,290
2021-05-12-12,10,310,250,40,70,250,250,270,80,150,280,200,150,320,190,270,250,210,270,270,170,290,50,270
2021-05-12-13,10,310,280,30,300,250,270,270,60,150,270,250,160,290,180,280,250,210,260,250,90,290,60,270
2021-05-12-14,360,310,270,30,90,240,250,280,60,140,270,250,110,300,260,290,240,210,260,290,60,310,30,280
2021-05-12-15,360,310,270,20,100,230,280,280,50,140,260,260,110,300,290,280,230,200,300,300,60,310,50,320
2021-05-12-16,360,310,350,30,70,250,210,280,40,140,270,240,110,290,260,280,220,200,290,270,50,310,50,280
2021-05-12-17,360,20,350,30,30,310,360,300,50,130,240,240,120,300,190,280,200,230,300,290,50,310,40,270
2021-05-12-18,20,360,280,40,40,20,50,290,40,310,250,240,130,280,270,280,220,130,290,270,50,310,50,280
2021-05-12-19,100,280,0,50,80,60,50,360,330,280,220,200,130,220,160,290,250,340,290,280,50,320,310,270
2021-05-12-20,240,160,20,40,120,120,70,50,280,230,220,210,160,190,220,250,240,360,330,300,40,330,270,270
2021-05-12-21,180,140,50,20,100,130,70,90,260,210,180,200,180,170,190,180,230,20,300,300,40,330,290,280
2021-05-12-22,190,120,60,290,120,210,70,300,270,230,200,180,190,160,240,200,260,360,90,140,30,310,280,280
2021-05-12-23,200,210,40,360,140,190,60,300,340,240,230,180,220,70,250,270,230,360,110,180,20,290,310,280
2021-05-12-24,10,0,50,240,140,0,310,300,290,230,230,220,230,140,180,140,230,360,180,160,10,250,290,140
2021-05-13-01,360,90,50,210,240,160,190,90,300,230,210,220,240,160,170,230,230,340,140,160,260,230,270,150
2021-05-13-02,240,80,50,160,130,120,220,100,200,230,200,200,270,160,190,0,250,340,180,170,260,190,300,110
2021-05-13-03,200,120,80,210,140,120,210,120,250,0,210,230,240,360,160,80,260,270,150,160,240,170,40,70
2021-05-13-04,200,130,50,250,160,70,40,100,280,90,230,200,260,90,170,20,240,300,160,150,250,160,280,100
2021-05-13-05,360,100,40,180,210,60,210,110,300,0,230,160,230,250,300,340,220,350,160,140,310,160,300,100
2021-05-13-06,360,60,50,210,160,150,210,120,260,220,210,140,250,180,140,40,240,320,150,150,320,160,300,120
2021-05-13-07,100,160,30,200,150,190,220,100,200,60,180,180,230,290,190,350,220,230,130,130,300,170,200,100
2021-05-13-08,20,310,240,200,210,240,200,220,240,80,190,210,230,330,270,250,180,190,160,130,210,160,160,150
2021-05-13-09,350,310,240,270,250,230,230,280,100,110,290,240,180,270,220,260,210,200,170,230,190,180,160,150
2021-05-13-10,130,310,240,30,270,230,250,290,80,100,280,230,160,330,210,230,180,200,260,240,200,190,160,170
2021-05-13-11,40,310,260,20,310,250,280,280,90,70,290,280,160,300,330,260,210,200,260,230,200,190,160,180
2021-05-13-12,340,310,240,30,290,230,240,280,80,110,290,230,180,300,270,280,200,200,260,230,200,200,140,180
2021-05-13-13,10,320,230,40,300,240,240,270,60,150,290,240,180,300,260,280,220,200,250,220,180,200,140,170
2021-05-13-14,60,320,250,20,340,230,230,280,30,150,290,250,170,300,210,270,220,200,250,230,180,190,110,160
2021-05-13-15,330,320,230,20,340,240,280,270,30,200,290,240,150,280,260,300,250,210,260,220,180,190,110,170
2021-05-13-16,350,330,220,350,340,220,250,260,40,220,290,240,130,280,250,290,260,200,250,240,180,190,110,180
2021-05-13-17,320,340,260,330,20,240,240,280,70,200,290,210,170,280,300,290,250,210,270,240,180,180,110,170
2021-05-13-18,350,20,360,300,350,230,240,280,10,170,250,200,170,260,220,300,270,50,250,220,170,190,100,160
2021-05-13-19,260,30,50,20,20,220,90,230,30,170,230,230,190,220,110,280,230,230,210,180,170,180,190,140
2021-05-13-20,200,0,50,30,30,210,60,0,40,220,200,180,190,170,140,250,230,140,200,180,180,180,260,110
2021-05-13-21,160,90,60,120,100,190,70,150,350,220,190,200,200,170,160,200,240,210,180,170,150,160,280,120
2021-05-13-22,180,120,70,150,140,180,220,90,60,160,200,200,200,80,170,200,220,230,160,150,170,160,300,100
2021-05-13-23,160,140,60,160,100,180,240,100,0,160,210,210,200,20,150,220,220,220,160,150,200,160,300,100
2021-05-13-24,190,80,70,0,140,160,200,80,60,150,230,230,190,60,200,240,210,230,160,140,200,160,290,100
2021-05-14-01,190,90,50,180,210,180,220,100,270,240,210,200,200,290,220,200,200,220,150,150,230,170,300,100
2021-05-14-02,220,30,50,100,170,290,220,70,270,150,190,210,210,320,140,210,210,220,160,160,230,160,300,100
2021-05-14-03,260,90,50,200,170,230,200,100,300,30,190,140,200,240,190,200,210,220,150,150,250,160,50,100
2021-05-14-04,230,90,30,180,160,160,200,110,280,-999,200,120,230,320,190,30,230,250,150,150,0,160,310,110
2021-05-14-05,10,0,50,220,140,160,210,100,330,160,200,120,220,300,180,50,220,270,150,160,280,160,340,100
2021-05-14-06,10,100,90,200,170,200,210,120,300,300,200,140,230,330,150,70,210,210,160,180,320,160,350,100
2021-05-14-07,350,140,220,120,220,230,200,90,0,30,230,180,230,340,340,60,160,210,140,160,320,160,300,110
2021-05-14-08,190,310,240,40,190,220,250,160,90,30,240,270,200,240,150,350,160,190,160,180,180,160,120,100
2021-05-14-09,180,290,230,50,180,240,240,190,90,60,270,250,170,300,300,290,150,190,170,180,190,170,120,80
2021-05-14-10,160,310,240,30,230,250,260,280,40,160,290,260,180,320,350,340,130,200,250,220,150,180,110,120
2021-05-14-11,340,310,240,20,230,250,270,270,60,160,310,270,180,310,330,350,160,210,240,200,160,170,120,110
2021-05-14-12,330,310,230,30,340,260,280,280,30,150,290,260,180,330,320,310,160,0,240,210,170,160,120,120
2021-05-14-13,360,320,210,40,340,250,230,270,30,150,310,280,170,330,330,290,160,200,240,210,170,180,110,130
2021-05-14-14,350,320,230,30,10,260,50,290,20,160,300,250,170,300,310,270,150,0,230,210,190,180,130,100
2021-05-14-15,360,310,280,40,30,240,290,280,20,160,270,240,180,280,230,290,150,200,230,200,180,170,130,130
2021-05-14-16,340,320,220,40,20,240,250,220,30,170,270,240,180,280,190,280,180,220,240,190,200,180,140,130
2021-05-14-17,20,320,280,10,50,220,230,260,30,160,290,240,180,270,290,270,140,60,250,200,200,170,130,100
2021-05-14-18,300,20,0,10,90,220,0,280,30,160,290,250,180,260,140,240,140,240,230,200,200,180,140,70
2021-05-14-19,130,40,20,320,70,230,60,280,20,160,240,220,190,310,120,240,170,270,220,180,230,170,300,90
2021-05-14-20,180,350,40,300,70,220,0,260,30,210,230,210,200,210,120,250,200,260,220,180,260,160,290,100
2021-05-14-21,150,0,40,170,110,210,250,200,340,160,230,210,200,200,150,240,220,250,220,190,270,160,260,90
2021-05-14-22,140,140,50,180,110,200,50,180,10,180,210,220,190,180,70,240,210,310,220,200,310,160,260,100
2021-05-14-23,150,120,40,180,140,190,60,190,340,160,230,210,240,180,120,220,210,240,220,200,300,80,350,100
2021-05-14-24,160,130,50,220,140,200,160,240,300,160,200,210,210,200,170,200,210,240,200,170,310,120,350,100
2021-05-15-01,20,70,40,220,180,200,100,190,310,130,210,210,230,180,60,240,210,230,100,80,320,180,330,110
2021-05-15-02,290,0,30,230,180,210,200,90,340,40,200,190,230,80,150,50,200,230,140,150,310,160,310,100
2021-05-15-03,350,60,20,250,170,220,200,100,310,230,180,220,240,90,80,60,180,210,130,160,320,160,290,100
2021-05-15-04,10,30,350,170,150,200,230,140,320,240,190,240,240,340,120,70,200,260,80,80,320,160,260,110
2021-05-15-05,20,10,0,210,170,220,200,90,290,230,180,210,230,350,60,50,180,50,0,50,320,160,300,90
2021-05-15-06,20,0,30,160,160,210,210,80,0,250,170,140,240,320,30,80,170,350,60,60,320,160,290,110
2021-05-15-07,140,210,20,200,120,210,0,220,110,100,170,100,240,160,360,70,170,220,50,360,310,160,290,100
2021-05-15-08,180,220,240,190,180,240,70,190,50,90,210,180,230,120,350,20,170,190,200,130,240,160,160,100
2021-05-15-09,160,160,180,280,120,230,50,280,80,80,230,190,150,0,350,190,160,190,190,170,200,170,140,120
2021-05-15-10,180,310,230,30,130,250,50,290,60,160,250,180,150,330,340,240,170,190,210,200,190,160,140,100
2021-05-15-11,350,310,230,40,300,260,280,280,60,160,290,240,160,340,310,230,170,200,220,190,180,170,140,120
2021-05-15-12,360,310,240,40,330,250,20,280,40,150,280,210,160,290,190,280,200,200,230,190,210,170,160,140
2021-05-15-13,350,310,200,30,340,260,30,280,20,150,270,270,170,310,290,230,180,190,210,190,200,170,160,140
2021-05-15-14,10,310,240,40,340,240,10,270,20,180,260,220,180,290,330,240,190,200,210,180,200,170,170,160
2021-05-15-15,30,310,210,40,40,240,80,290,20,170,250,250,190,330,260,240,220,210,220,200,190,160,170,160
2021-05-15-16,180,310,250,50,80,240,60,270,30,190,260,260,180,300,240,240,210,200,220,190,200,170,160,160
2021-05-15-17,360,340,220,10,90,240,60,290,10,200,260,240,190,280,350,240,220,50,200,180,210,170,160,140
2021-05-15-18,10,320,210,10,40,230,60,280,10,170,250,230,190,240,180,240,200,130,210,180,200,170,180,130
2021-05-15-19,180,40,210,20,60,230,50,230,20,210,240,210,200,240,140,240,210,300,200,180,220,160,190,130
2021-05-15-20,170,40,0,30,80,220,60,220,20,220,230,220,200,230,160,230,220,220,200,170,220,160,290,120
2021-05-15-21,170,350,50,20,90,210,60,230,330,140,230,200,200,170,130,240,200,230,190,170,200,160,300,110
2021-05-15-22,170,80,50,30,100,220,0,230,310,170,220,200,200,170,20,230,180,220,180,170,210,160,300,100
2021-05-15-23,160,110,50,330,80,210,70,200,300,180,210,190,190,180,120,200,180,190,180,160,240,160,310,100
2021-05-15-24,360,120,60,200,130,200,70,270,280,180,220,200,200,200,100,240,180,190,180,170,230,160,290,100
2021-05-16-01,200,80,40,250,200,220,200,240,300,170,200,200,200,130,70,240,170,200,190,180,240,160,300,110
2021-05-16-02,360,0,20,250,160,220,220,170,280,240,190,200,200,60,100,230,170,190,190,170,240,160,300,120
2021-05-16-03,60,120,330,170,170,200,240,90,290,0,190,200,190,340,40,200,170,220,190,170,250,160,270,140
2021-05-16-04,80,120,360,260,130,210,210,150,290,240,190,200,200,280,120,160,180,220,200,170,270,160,220,100
2021-05-16-05,140,120,20,230,160,220,200,130,260,280,200,160,240,280,120,170,180,250,190,160,270,160,290,100
2021-05-16-06,120,150,340,240,120,210,200,120,290,240,180,160,240,260,140,200,180,140,180,150,290,160,260,90
2021-05-16-07,90,160,20,0,210,220,220,100,0,30,200,190,230,330,360,190,170,30,140,160,260,160,250,130
2021-05-16-08,160,260,280,50,120,230,60,130,340,20,200,200,180,300,330,190,170,180,190,170,200,160,150,160
2021-05-16-09,180,300,230,50,120,230,230,280,80,30,220,210,150,340,20,210,180,200,180,180,200,170,170,170
2021-05-16-10,180,320,220,20,10,240,240,270,80,170,230,200,190,340,320,200,200,200,220,180,210,170,160,180
2021-05-16-11,340,310,230,40,300,250,250,280,50,120,250,180,170,330,290,230,200,200,230,190,200,180,170,170
2021-05-16-12,340,310,230,50,330,260,320,280,50,170,270,210,180,290,240,230,210,200,230,190,190,190,190,170
2021-05-16-13,360,320,220,40,50,250,280,280,30,170,270,240,180,330,330,240,250,190,240,210,190,190,190,180
2021-05-16-14,300,290,270,40,340,240,280,270,40,160,270,260,190,340,320,260,240,200,240,200,200,200,180,160
2021-05-16-15,350,300,250,20,290,230,250,270,40,150,260,250,180,300,300,260,230,200,240,200,200,200,180,170
2021-05-16-16,360,310,270,20,300,220,260,280,40,170,250,240,160,290,160,260,230,220,260,240,200,200,180,200
2021-05-16-17,20,310,240,20,190,230,290,290,40,170,260,240,150,280,300,260,220,50,250,230,180,240,190,220
2021-05-16-18,30,320,320,350,90,230,260,280,30,130,230,230,180,270,40,260,230,240,210,190,200,220,200,240
2021-05-16-19,150,320,310,330,90,220,220,290,30,180,230,230,150,230,150,240,230,240,230,170,180,230,30,270
2021-05-16-20,130,160,350,20,80,220,60,180,40,220,200,220,200,220,170,240,230,270,150,180,170,220,30,290
2021-05-16-21,140,150,350,250,130,210,50,170,40,180,190,210,210,270,170,190,230,240,150,180,180,220,240,230
2021-05-16-22,150,160,50,200,120,210,0,170,20,210,180,200,150,210,220,200,240,210,170,160,170,210,280,220
2021-05-16-23,160,140,50,160,140,40,210,110,360,200,200,180,90,280,200,180,250,210,160,160,180,200,290,100
2021-05-16-24,160,160,60,230,130,180,230,100,300,340,210,210,220,200,200,190,250,230,170,160,200,180,260,140
2021-05-17-01,160,140,60,200,170,190,230,130,290,210,210,210,250,190,210,200,260,220,160,150,10,180,310,160
2021-05-17-02,140,140,10,260,190,180,210,100,310,-999,200,220,210,210,180,200,240,240,160,160,210,170,290,160
2021-05-17-03,140,0,350,230,170,200,220,130,260,240,200,190,220,270,190,200,230,170,180,150,230,170,300,160
2021-05-17-04,20,130,320,180,200,220,200,110,280,0,210,200,180,270,190,240,240,240,170,150,270,170,300,150
2021-05-17-05,130,110,320,170,140,220,190,80,0,170,210,200,230,190,180,210,240,230,160,130,290,160,300,150
2021-05-17-06,90,90,320,250,210,240,200,0,0,240,190,220,240,200,140,220,270,230,160,140,300,170,310,150
2021-05-17-07,70,330,300,10,150,240,230,270,80,50,180,220,200,140,220,210,250,30,170,150,280,170,270,140
2021-05-17-08,80,310,280,230,240,240,210,270,50,80,200,190,160,220,190,220,220,20,150,140,220,190,120,230
2021-05-17-09,10,290,240,350,260,240,230,270,50,60,210,210,180,290,220,240,220,180,180,190,200,200,160,180
2021-05-17-10,110,260,260,20,290,230,250,280,90,100,270,230,180,290,290,240,170,190,210,210,190,220,160,230
2021-05-17-11,20,290,240,40,230,230,240,260,60,110,270,240,190,330,270,260,190,200,270,240,210,230,160,220
2021-05-17-12,360,310,230,30,290,240,260,280,60,150,260,240,160,280,320,260,160,220,240,220,210,240,160,230
2021-05-17-13,300,310,320,30,80,240,290,280,50,140,280,260,130,290,280,270,200,210,260,230,210,240,200,230
2021-05-17-14,10,310,320,40,90,240,230,280,40,150,270,240,140,280,270,240,200,0,270,240,210,270,190,240
2021-05-17-15,340,320,360,40,70,240,70,280,40,150,260,250,150,280,280,280,180,210,270,250,180,280,40,260
2021-05-17-16,350,340,220,60,100,230,60,280,40,110,270,250,140,300,320,270,190,230,280,290,160,280,40,250
2021-05-17-17,180,350,150,60,80,220,60,250,30,340,270,240,120,290,280,290,200,230,280,290,160,300,30,250
2021-05-17-18,140,310,170,40,60,210,70,310,40,140,230,230,130,280,170,300,210,240,280,270,160,300,30,270
2021-05-17-19,200,20,90,330,80,250,60,300,40,360,280,250,160,210,170,240,230,260,270,250,160,290,30,270
2021-05-17-20,160,360,40,190,40,300,60,300,60,270,290,220,200,180,280,240,250,270,260,210,160,280,330,230
2021-05-17-21,170,320,60,30,330,310,30,300,310,180,250,250,190,180,270,250,240,250,280,230,160,240,240,190
2021-05-17-22,190,320,0,40,300,310,280,320,280,230,180,170,210,180,230,250,230,180,280,160,170,190,140,160
2021-05-17-23,170,0,60,150,290,300,270,300,290,230,270,180,180,100,230,0,230,220,210,180,180,160,200,160
2021-05-17-24,190,100,100,170,170,180,0,350,320,200,240,220,210,70,230,210,230,230,180,180,200,180,150,150
2021-05-18-01,170,0,60,190,170,270,230,290,280,170,290,230,190,250,220,190,260,210,180,170,200,170,290,150
2021-05-18-02,350,320,10,270,200,280,200,300,280,160,270,240,190,190,200,200,230,220,150,170,220,170,160,140
2021-05-18-03,40,310,20,150,300,280,260,300,260,300,300,230,200,200,190,200,260,230,150,170,220,170,210,130
2021-05-18-04,320,320,320,200,280,270,280,300,260,100,240,250,230,360,260,200,220,240,160,160,230,170,280,110
2021-05-18-05,10,310,320,170,250,280,240,290,210,260,250,210,210,0,200,70,230,250,160,170,230,160,300,100
2021-05-18-06,70,320,240,210,260,250,250,300,320,260,170,190,200,0,170,0,230,220,170,150,230,160,310,100
2021-05-18-07,170,180,250,210,200,220,210,290,350,0,190,190,190,0,240,80,200,30,160,170,210,170,230,160
2021-05-18-08,160,180,220,260,150,240,230,290,60,50,200,190,200,360,320,180,190,120,180,180,200,170,160,160
2021-05-18-09,150,310,230,220,250,250,300,300,90,70,220,190,180,300,190,220,190,240,230,200,200,180,160,180
2021-05-18-10,160,310,250,10,330,240,250,270,50,140,190,240,180,290,220,230,190,190,220,200,200,180,160,190
2021-05-18-11,150,310,240,10,310,290,260,290,40,110,280,220,180,290,280,240,220,190,230,200,200,180,150,180
2021-05-18-12,160,310,230,20,340,320,260,290,40,140,280,240,160,280,310,260,240,200,230,220,190,190,160,160
2021-05-18-13,10,320,240,20,340,330,300,280,40,160,270,260,180,280,300,280,230,200,230,210,230,190,170,160
2021-05-18-14,330,280,210,360,330,320,330,300,320,180,280,270,180,290,290,250,220,160,220,210,220,190,180,170
2021-05-18-15,210,280,210,330,100,310,60,300,250,360,290,240,160,310,210,260,250,330,230,190,220,190,190,160
2021-05-18-16,230,300,210,360,90,300,70,330,100,50,270,240,150,290,360,260,260,220,230,200,220,180,180,170
2021-05-18-17,180,180,220,20,80,200,30,290,40,20,280,250,110,290,270,260,230,210,240,200,220,180,190,170
2021-05-18-18,10,180,360,310,90,270,60,290,50,190,290,270,90,290,160,280,180,190,240,190,190,190,210,170
2021-05-18-19,20,0,0,0,170,260,230,270,30,260,10,300,120,250,200,290,240,240,230,190,200,170,180,140
2021-05-18-20,90,0,330,270,150,260,230,290,40,0,360,250,120,0,170,280,270,290,210,190,210,180,300,140
2021-05-18-21,150,330,310,210,100,240,210,300,290,230,340,220,60,130,170,350,240,240,200,180,220,170,260,130
2021-05-18-22,40,120,330,200,160,270,250,360,280,230,360,250,210,140,180,310,280,260,160,160,210,180,240,100
2021-05-18-23,80,120,330,220,150,190,240,350,280,250,300,190,10,180,170,300,230,250,160,170,230,160,290,120
2021-05-18-24,190,120,30,180,140,90,250,80,300,230,310,200,330,220,290,280,270,330,140,170,240,160,290,100
2021-05-19-01,140,120,360,250,160,180,210,130,270,270,340,240,20,180,180,260,260,360,150,170,230,170,300,120
2021-05-19-02,180,170,10,150,120,180,210,110,310,250,200,240,0,160,180,210,240,10,140,140,240,170,290,120
2021-05-19-03,170,160,70,210,140,140,220,100,340,280,190,190,260,110,170,170,220,240,150,160,240,160,300,110
2021-05-19-04,180,360,40,200,130,100,50,70,280,30,220,220,260,50,170,140,220,240,160,150,310,160,280,110
2021-05-19-05,140,140,80,200,190,0,120,150,300,70,220,180,230,300,140,240,250,290,150,170,310,160,290,100
2021-05-19-06,360,10,30,260,180,160,210,100,280,250,220,170,220,180,20,170,230,230,160,150,300,160,290,110
2021-05-19-07,340,0,310,230,220,270,200,80,260,160,200,210,230,280,10,150,260,190,170,150,330,160,0,120
2021-05-19-08,40,280,280,220,180,240,210,110,140,50,200,180,210,330,290,240,200,140,170,170,220,170,360,140
2021-05-19-09,100,330,240,140,240,230,230,240,260,90,230,200,160,340,10,230,200,190,200,170,200,170,360,140
2021-05-19-10,170,310,240,40,270,280,260,290,50,70,240,220,160,310,340,240,140,190,210,180,200,170,360,140
2021-05-19-11,180,310,210,20,160,250,240,280,60,160,280,190,180,320,300,240,160,190,210,170,200,170,0,150
2021-05-19-12,340,300,260,20,300,280,290,290,20,190,280,260,180,310,360,240,220,190,230,190,200,180,160,170
2021-05-19-13,360,300,340,10,330,280,20,290,70,200,280,250,180,340,260,250,200,210,210,190,200,180,160,170
2021-05-19-14,360,330,340,10,310,260,250,290,50,210,280,250,180,310,340,270,260,220,220,210,200,180,170,170
2021-05-19-15,300,300,290,50,60,260,40,280,360,160,290,240,180,310,270,260,250,360,210,190,190,180,160,160
2021-05-19-16,10,310,260,50,150,270,70,270,340,210,280,240,180,150,150,240,220,70,210,170,220,180,170,160
2021-05-19-17,180,310,180,40,160,250,60,290,330,250,260,230,180,310,180,230,220,80,220,190,200,180,180,170
2021-05-19-18,190,320,190,20,140,240,40,290,70,120,280,240,190,70,350,240,220,200,190,180,210,170,190,160
2021-05-19-19,150,40,160,320,160,190,60,280,260,90,260,240,190,320,160,240,240,150,190,170,210,160,220,140
2021-05-19-20,180,120,60,330,140,220,40,210,310,90,230,220,200,170,170,240,230,210,190,170,200,160,260,130
2021-05-19-21,160,170,50,240,200,220,60,260,330,200,220,210,200,170,180,210,230,220,170,150,200,160,280,120
2021-05-19-22,140,140,50,190,170,220,220,180,280,170,200,210,210,240,50,220,250,230,160,160,200,160,270,140
2021-05-19-23,170,140,50,200,150,230,250,80,270,210,220,200,190,170,160,200,230,220,160,140,200,160,260,150
2021-05-19-24,110,150,40,200,230,210,0,90,290,140,230,200,190,150,20,210,250,230,160,150,210,160,260,100
2021-05-20-01,360,80,50,180,190,200,0,70,310,120,220,200,190,160,60,200,240,240,170,160,220,160,260,100
2021-05-20-02,360,80,60,200,150,200,200,110,270,130,210,210,200,350,40,200,240,220,170,160,220,160,290,110
2021-05-20-03,340,110,350,210,160,210,220,80,260,30,220,220,230,30,50,210,250,320,160,160,250,160,300,120
2021-05-20-04,10,140,350,240,160,220,220,120,230,240,210,210,200,350,50,210,280,220,160,160,230,160,310,140
2021-05-20-05,40,150,20,220,130,210,210,110,260,230,200,200,220,80,50,200,260,250,170,160,250,160,220,130
2021-05-20-06,160,150,50,240,170,210,200,100,270,230,190,160,230,100,80,210,270,160,160,160,300,160,280,120
2021-05-20-07,150,150,80,200,170,210,0,80,210,200,190,200,230,100,10,200,210,100,150,160,280,160,260,160
2021-05-20-08,120,160,260,200,180,210,240,70,80,70,210,190,230,340,60,200,220,200,160,150,240,170,150,160
2021-05-20-09,170,290,260,30,90,230,310,260,60,100,210,210,160,310,260,230,230,190,180,180,180,170,170,170
2021-05-20-10,340,310,240,40,230,240,270,280,70,150,230,220,160,330,280,230,220,200,210,210,180,160,170,170
2021-05-20-11,20,330,240,10,340,240,230,270,50,170,270,250,180,320,200,230,240,190,220,220,190,200,190,180
2021-05-20-12,180,280,290,40,300,240,240,280,40,160,270,230,180,340,260,240,230,190,210,200,200,210,170,240
2021-05-20-13,360,270,300,30,80,250,250,280,30,170,250,240,170,300,250,250,240,200,220,200,210,220,190,260
2021-05-20-14,360,310,300,30,90,250,250,280,40,160,260,260,160,290,230,260,230,210,240,190,200,200,190,260
2021-05-20-15,20,310,260,40,60,250,230,280,30,160,260,250,170,290,180,270,240,210,230,220,180,200,200,250
2021-05-20-16,360,310,310,360,300,240,230,280,30,140,230,240,170,280,360,240,260,200,260,260,170,240,210,260
2021-05-20-17,30,280,310,10,270,230,240,270,30,120,230,230,170,280,180,290,240,220,270,240,90,300,40,270
2021-05-20-18,140,220,310,20,300,240,240,270,30,80,200,250,120,290,180,290,250,240,260,250,50,280,90,280
2021-05-20-19,160,240,360,310,230,230,240,270,340,160,200,200,100,300,140,290,240,280,270,230,40,320,160,280
2021-05-20-20,150,170,20,200,240,220,230,260,350,360,190,190,80,60,150,240,250,270,260,260,40,310,290,280
2021-05-20-21,180,170,60,170,150,220,60,160,360,0,180,180,100,120,220,250,250,0,270,270,30,320,290,270
2021-05-20-22,140,180,30,260,140,200,60,120,300,280,180,180,360,120,250,240,240,340,0,180,30,280,300,280
2021-05-20-23,160,160,40,220,120,210,10,70,330,250,190,210,190,110,180,180,250,350,160,170,10,280,290,220
2021-05-20-24,50,140,40,320,190,210,70,80,280,240,230,190,210,330,170,220,260,360,170,170,310,270,290,110
2021-05-21-01,20,120,40,220,180,240,210,70,270,240,220,200,280,0,240,190,260,350,170,180,270,200,270,120
2021-05-21-02,340,30,50,180,210,220,210,90,30,250,220,190,240,280,200,250,230,340,160,170,280,190,240,0
2021-05-21-03,30,20,340,170,170,220,210,120,320,260,200,160,220,180,190,200,240,340,150,180,300,180,280,120
2021-05-21-04,140,150,320,210,150,210,200,120,270,240,190,130,250,40,160,350,240,300,170,140,320,200,310,200
2021-05-21-05,150,120,350,220,150,190,240,110,280,260,180,170,250,120,70,200,230,340,170,160,300,180,300,120
2021-05-21-06,50,120,360,220,140,200,0,110,270,220,200,190,260,70,70,190,230,280,170,150,310,200,290,160
2021-05-21-07,100,140,300,190,170,220,210,150,190,50,190,200,230,320,140,200,270,270,170,140,310,190,70,220
2021-05-21-08,160,170,270,160,190,230,230,300,90,90,230,210,240,300,220,210,260,0,180,160,130,210,40,240
2021-05-21-09,150,250,220,190,250,230,220,280,50,100,200,190,180,300,300,240,270,200,230,190,160,220,40,260
2021-05-21-10,340,300,300,210,240,240,230,280,80,60,240,200,160,290,70,240,240,200,260,190,160,210,40,260
2021-05-21-11,330,270,300,40,300,250,250,280,80,140,270,260,180,330,260,260,240,200,280,230,170,250,40,240
2021-05-21-12,340,270,270,30,290,240,230,280,70,150,270,260,160,320,230,260,230,210,250,230,180,260,40,260
2021-05-21-13,10,300,260,40,280,240,240,280,40,140,250,270,130,240,270,270,240,190,260,250,180,280,40,270
2021-05-21-14,10,290,320,30,290,250,230,280,20,140,260,220,110,260,290,260,240,150,260,240,60,280,40,260
2021-05-21-15,20,290,310,10,310,250,250,280,360,140,250,270,110,200,290,260,220,160,260,240,50,270,50,280
2021-05-21-16,20,310,340,350,80,240,280,280,20,10,260,240,110,280,280,250,230,120,270,220,50,270,70,290
2021-05-21-17,360,310,350,340,90,240,60,280,340,70,270,230,130,270,200,250,210,90,270,220,50,290,70,280
2021-05-21-18,360,320,340,300,70,240,60,280,240,280,260,240,100,210,130,260,260,30,260,240,50,300,140,280
2021-05-21-19,20,340,320,290,50,220,80,100,310,230,250,240,100,280,0,280,250,40,260,240,40,280,140,290
2021-05-21-20,160,290,40,190,100,240,70,200,260,230,220,200,80,280,180,240,250,30,280,220,40,280,260,270
2021-05-21-21,180,140,50,190,200,280,50,120,280,230,200,210,90,170,170,220,250,30,220,180,40,320,290,280
2021-05-21-22,190,150,60,240,110,320,110,270,320,250,200,210,160,40,200,230,250,30,180,180,40,290,300,280
2021-05-21-23,360,10,60,240,160,310,70,220,280,290,180,220,290,360,240,240,250,40,220,170,350,280,310,270
2021-05-21-24,160,190,40,220,30,290,50,270,290,230,230,200,330,0,230,170,250,340,210,170,270,290,300,270
2021-05-22-01,150,80,40,210,70,250,280,300,200,270,180,180,240,90,190,160,250,340,140,140,260,260,300,280
2021-05-22-02,160,120,10,200,200,230,210,290,250,250,200,200,240,140,190,200,240,310,150,130,270,250,300,260
2021-05-22-03,230,10,340,200,170,260,260,300,270,250,200,200,240,200,240,200,230,320,160,160,270,260,300,0
2021-05-22-04,150,100,320,180,170,260,210,290,280,240,220,200,240,190,110,40,210,330,180,150,280,240,290,280
2021-05-22-05,20,110,320,210,190,240,210,300,250,250,200,210,260,170,160,120,250,330,150,180,300,240,290,260
2021-05-22-06,100,110,330,200,0,250,250,260,220,240,190,210,260,360,230,20,250,340,150,150,320,260,280,240
2021-05-22-07,140,90,320,140,160,250,0,180,230,220,190,160,250,330,260,50,250,240,160,180,360,260,280,260
2021-05-22-08,170,220,240,210,240,240,220,270,60,260,200,180,240,140,350,200,240,200,250,230,0,270,120,250
2021-05-22-09,80,320,250,220,260,240,230,280,50,10,210,210,170,330,340,250,250,160,280,250,120,270,50,270
2021-05-22-10,290,310,260,240,300,250,240,280,80,30,240,200,120,280,300,260,270,160,260,230,140,300,40,270
2021-05-22-11,70,320,310,230,290,250,230,280,90,90,290,230,100,330,310,270,230,160,290,230,110,290,50,270
2021-05-22-12,40,330,300,250,310,250,280,270,70,110,280,210,80,330,280,280,230,120,260,250,60,280,50,240
2021-05-22-13,10,310,240,220,300,260,240,280,80,140,300,240,100,310,310,290,240,90,260,240,60,280,50,270
2021-05-22-14,30,320,280,240,290,260,240,270,100,140,290,250,110,300,270,290,250,90,270,260,60,270,60,270
2021-05-22-15,10,340,320,10,330,340,260,280,60,80,280,240,120,280,220,280,240,50,260,280,60,290,40,260
2021-05-22-16,20,340,240,330,310,360,340,310,80,80,280,240,90,280,270,290,260,60,260,250,60,290,100,270
2021-05-22-17,50,10,290,340,300,40,310,300,30,90,280,220,80,270,350,290,240,50,290,280,50,300,40,290
2021-05-22-18,60,10,290,360,330,40,270,330,20,60,280,240,110,290,340,300,250,50,310,290,50,310,40,280
2021-05-22-19,140,20,320,10,280,40,340,360,40,0,310,240,120,180,120,360,260,40,310,270,50,310,10,280
2021-05-22-20,150,20,0,20,250,50,40,0,310,100,20,230,70,60,130,340,260,40,300,290,40,310,210,280
2021-05-22-21,150,20,330,360,300,40,30,350,290,110,10,200,20,150,260,280,270,40,270,270,50,320,290,280
2021-05-22-22,160,20,200,10,40,30,40,360,270,110,40,10,340,200,210,300,250,30,260,220,30,290,310,310
2021-05-22-23,180,20,0,10,290,40,30,30,290,120,30,360,30,350,220,0,250,20,290,230,30,280,270,280
2021-05-22-24,160,30,30,320,60,40,30,360,310,100,50,360,0,170,210,20,240,50,270,220,330,240,210,270
2021-05-23-01,160,30,330,320,50,50,0,50,110,50,40,330,20,200,160,70,240,340,20,130,300,270,280,280
2021-05-23-02,150,60,360,150,260,30,0,30,80,70,50,30,10,170,210,60,250,330,50,60,360,310,300,260
2021-05-23-03,160,60,340,350,260,70,320,60,50,30,60,190,30,220,160,60,260,330,60,100,300,300,300,280
2021-05-23-04,160,100,360,320,250,120,240,130,90,0,100,180,20,180,220,40,250,330,0,230,310,60,300,240
2021-05-23-05,130,120,360,190,60,0,260,90,90,0,0,120,350,160,250,90,250,330,90,80,320,60,310,280
2021-05-23-06,80,140,330,180,180,50,240,70,310,320,190,200,20,40,180,10,260,340,140,70,320,70,300,200
2021-05-23-07,120,150,330,130,180,40,240,140,260,300,180,170,40,20,260,360,260,0,120,70,320,40,130,250
2021-05-23-08,150,180,240,220,50,340,270,20,240,60,180,200,100,330,10,70,220,0,120,80,150,280,150,280
2021-05-23-09,170,270,220,30,160,40,210,170,60,70,200,220,50,340,340,260,240,120,200,250,130,280,120,240
2021-05-23-10,170,260,220,40,150,230,260,300,110,80,290,220,80,280,300,310,140,150,240,260,110,260,120,250
2021-05-23-11,170,280,220,30,230,260,230,290,70,90,290,260,60,300,340,280,160,130,260,240,90,240,90,260
2021-05-23-12,300,300,250,20,310,290,230,280,80,90,290,220,80,280,300,290,250,100,260,250,70,250,50,270
2021-05-23-13,350,330,340,10,320,310,300,280,90,90,290,250,80,280,300,280,240,120,260,260,70,270,60,240
2021-05-23-14,340,320,230,10,330,250,270,280,90,80,290,250,90,280,320,280,230,120,260,270,90,270,50,240
2021-05-23-15,20,320,240,30,220,260,260,270,70,70,300,260,100,320,310,290,230,110,260,270,150,260,90,250
2021-05-23-16,30,310,310,30,100,250,240,270,60,30,290,270,90,280,310,300,270,100,260,270,160,280,140,270
2021-05-23-17,350,320,280,10,350,240,260,290,80,80,280,250,110,270,330,300,300,70,250,270,140,280,70,270
2021-05-23-18,10,0,280,30,360,240,240,280,90,90,280,240,110,270,70,340,280,240,270,250,50,290,120,280
2021-05-23-19,160,0,330,320,50,210,230,180,60,110,200,260,110,210,140,300,270,340,260,210,40,260,40,270
2021-05-23-20,180,0,50,270,110,220,90,170,70,130,240,230,150,180,320,280,270,330,260,240,50,230,340,280
2021-05-23-21,170,160,90,250,140,210,60,270,320,200,230,220,190,180,0,230,280,130,220,200,30,260,290,220
2021-05-23-22,200,140,50,190,150,180,70,90,300,190,220,190,210,180,330,250,280,340,200,180,30,190,170,140
2021-05-23-23,180,40,70,250,200,180,0,60,270,220,200,200,220,180,270,200,260,330,200,170,40,200,280,70
2021-05-23-24,190,80,60,190,160,170,200,90,330,0,220,190,230,170,160,190,270,330,160,170,40,200,300,100
2021-05-24-01,170,100,50,200,160,220,210,100,300,230,190,180,240,190,150,190,270,330,160,150,10,190,290,80
2021-05-24-02,70,90,10,190,180,250,200,90,300,230,210,200,240,100,150,200,270,290,160,140,310,180,290,100
2021-05-24-03,70,100,310,220,160,220,190,120,310,250,200,190,240,100,290,270,180,120,170,140,220,170,290,120
2021-05-24-04,80,80,320,150,180,220,200,110,290,250,180,180,230,110,100,200,150,320,140,150,220,170,300,140
2021-05-24-05,160,130,330,180,170,220,240,100,310,240,190,200,230,110,80,180,240,310,130,100,210,170,260,120
2021-05-24-06,150,110,310,180,190,210,220,110,260,240,180,180,250,110,130,200,260,240,140,120,240,160,250,110
2021-05-24-07,140,160,310,120,120,220,200,220,270,70,170,180,230,100,360,180,120,190,150,120,190,120,200,210
2021-05-24-08,140,160,250,180,130,230,210,260,10,90,220,190,220,340,360,170,90,30,180,140,180,70,180,200
2021-05-24-09,30,310,220,230,230,240,230,280,60,50,220,170,150,280,340,210,150,210,160,140,180,180,170,230
2021-05-24-10,10,310,270,360,280,250,250,270,90,80,260,230,140,280,360,230,130,200,210,200,180,190,160,240
2021-05-24-11,30,310,300,50,330,250,280,280,60,80,290,240,170,300,300,260,130,200,220,200,210,220,160,240
2021-05-24-12,360,310,250,30,30,260,300,280,60,110,280,250,170,280,360,250,220,210,230,240,200,210,160,260
2021-05-24-13,350,310,350,60,350,280,270,280,80,120,280,270,160,280,340,260,250,190,260,220,200,260,160,250
2021-05-24-14,350,320,320,150,180,280,230,280,30,10,290,260,130,260,300,260,240,210,270,220,200,260,200,240
2021-05-24-15,360,10,350,50,170,350,70,290,20,280,290,250,100,320,260,280,200,220,260,250,190,270,210,250
2021-05-24-16,360,10,340,30,90,40,80,320,350,10,300,240,100,50,260,270,190,220,270,280,180,280,120,250
2021-05-24-17,70,360,360,50,130,40,100,360,250,10,360,320,70,310,290,280,210,240,260,250,180,280,40,260
2021-05-24-18,50,20,10,50,90,40,70,360,50,70,10,340,300,280,330,90,220,310,280,250,110,300,70,270
2021-05-24-19,120,20,20,40,90,50,70,40,60,60,30,340,300,170,10,60,270,230,290,290,40,300,120,280
2021-05-24-20,220,60,360,50,90,50,80,60,70,60,30,80,30,120,90,70,270,330,310,300,50,320,100,280
2021-05-24-21,210,20,80,70,100,60,70,20,70,40,70,170,20,360,120,20,260,130,330,330,20,340,340,310
2021-05-24-22,210,20,0,70,110,40,80,10,60,50,100,150,20,80,140,320,240,320,330,330,30,60,290,280
2021-05-24-23,80,200,310,80,70,60,70,50,320,290,40,0,30,360,100,0,290,50,300,340,30,70,220,300
2021-05-24-24,110,130,40,50,90,60,60,90,280,240,40,130,10,270,240,300,300,20,360,340,50,350,320,330
2021-05-25-01,190,190,40,50,80,50,60,40,250,250,20,130,10,310,260,350,340,230,330,360,40,10,20,70
2021-05-25-02,200,60,100,40,80,40,70,20,250,230,30,120,30,210,180,40,270,30,350,360,360,330,30,100
2021-05-25-03,340,60,180,30,90,50,80,110,290,280,60,20,360,180,230,50,270,20,20,10,40,70,30,20
2021-05-25-04,200,150,360,70,100,80,0,80,300,310,50,140,350,190,200,20,260,20,70,360,360,30,270,80
2021-05-25-05,350,130,50,50,80,50,50,80,260,240,40,80,360,290,200,70,240,20,80,50,40,70,300,10
2021-05-25-06,10,0,0,40,100,20,0,100,270,260,60,150,320,50,210,100,260,30,40,20,10,60,300,100
2021-05-25-07,350,10,240,20,80,50,40,20,320,0,10,140,10,350,310,40,150,30,30,10,30,20,50,260
2021-05-25-08,210,300,200,20,90,40,60,20,40,260,20,120,20,10,30,350,0,30,10,350,50,280,60,260
2021-05-25-09,350,350,220,40,90,50,60,20,50,360,20,220,20,300,240,290,110,20,340,330,50,290,50,260
2021-05-25-10,180,180,260,20,90,50,70,90,30,50,20,330,60,260,350,300,120,40,330,290,60,290,50,120
2021-05-25-11,200,180,220,10,110,40,70,140,90,30,10,350,80,300,350,300,160,50,300,290,60,270,40,220
2021-05-25-12,180,190,250,30,70,30,70,10,100,30,10,260,60,320,310,320,190,50,300,290,60,280,50,180
2021-05-25-13,210,270,250,30,80,20,340,10,90,70,10,350,80,320,340,300,240,40,300,290,70,280,30,80
2021-05-25-14,120,360,260,40,80,20,40,360,90,70,20,340,80,320,360,320,250,60,310,300,70,280,60,280
2021-05-25-15,360,10,250,30,90,30,70,330,80,90,20,340,30,310,290,350,220,60,300,300,80,280,40,150
2021-05-25-16,220,10,340,40,90,40,70,10,70,70,10,350,30,260,350,310,240,30,300,300,60,320,30,190
2021-05-25-17,120,360,10,50,90,40,80,20,50,70,20,350,30,280,60,340,210,20,310,320,60,300,40,100
2021-05-25-18,80,190,40,60,90,40,80,30,60,70,20,350,30,280,310,320,280,30,310,310,50,360,40,100
2021-05-25-19,150,170,30,60,90,40,60,40,60,40,40,360,20,280,250,310,160,30,320,310,50,340,30,100
2021-05-25-20,180,160,40,50,80,60,70,60,10,-999,20,320,20,200,260,330,170,20,320,330,50,30,30,90
2021-05-25-21,180,150,40,50,100,50,60,100,260,240,40,300,20,180,260,260,180,10,310,290,40,0,30,80
2021-05-25-22,180,150,80,40,80,60,70,60,260,250,70,180,340,220,140,300,170,350,320,360,40,70,30,40
2021-05-25-23,170,140,80,40,80,70,50,80,260,220,30,180,310,170,190,270,110,360,150,140,20,40,30,70
2021-05-25-24,180,110,70,20,90,90,50,110,250,250,10,210,310,190,280,280,220,0,160,160,20,160,340,100
2021-05-26-01,160,160,60,290,120,0,200,100,260,250,0,240,180,190,220,290,190,10,140,110,10,170,340,20
2021-05-26-02,270,160,50,190,160,360,200,80,270,260,0,200,270,210,210,290,150,280,140,120,30,180,320,0
2021-05-26-03,270,150,50,190,160,180,220,0,210,240,360,200,250,190,210,280,200,280,150,130,320,180,310,90
2021-05-26-04,150,140,40,160,200,180,220,70,280,280,0,180,240,190,170,290,210,360,160,150,310,50,260,40
2021-05-26-05,320,160,10,220,170,200,190,130,200,250,310,160,230,230,160,0,220,320,150,100,310,40,250,60
2021-05-26-06,120,140,260,200,210,200,200,90,300,240,320,200,240,330,60,60,230,340,110,120,310,70,230,20
2021-05-26-07,130,150,270,220,200,290,200,20,290,0,220,200,230,350,30,40,220,0,150,0,260,50,290,110
2021-05-26-08,170,170,250,180,230,280,230,310,90,110,180,200,200,350,210,200,210,0,130,140,180,180,150,90
2021-05-26-09,170,150,240,180,270,310,230,290,90,90,350,190,180,330,240,230,190,200,270,260,170,190,160,180
2021-05-26-10,180,310,260,230,250,280,240,290,40,100,310,220,170,310,290,230,170,190,260,210,180,190,150,170
2021-05-26-11,160,310,230,150,300,280,260,280,70,130,320,230,160,290,330,240,180,200,260,210,200,190,360,160
2021-05-26-12,220,310,240,360,310,240,260,290,50,140,300,240,160,310,260,260,210,210,240,230,200,190,160,180
2021-05-26-13,90,310,240,20,340,250,240,270,60,140,290,250,170,280,240,280,240,70,260,250,210,220,170,240
2021-05-26-14,10,310,230,10,290,250,240,260,30,150,290,240,170,300,280,240,220,220,260,230,200,220,170,200
2021-05-26-15,20,310,300,30,280,240,240,280,10,170,280,230,180,280,270,200,250,220,260,240,200,230,200,200
2021-05-26-16,20,310,280,20,280,240,240,280,20,180,260,240,180,260,110,270,220,230,270,240,210,220,220,230
2021-05-26-17,320,230,290,350,300,230,240,280,20,210,260,240,180,330,20,70,230,180,260,220,170,250,230,260
2021-05-26-18,70,230,280,20,290,240,220,280,30,200,260,250,180,280,40,70,240,80,250,260,100,240,220,230
2021-05-26-19,120,230,300,350,300,240,250,280,10,190,230,220,190,250,60,300,230,230,250,220,40,240,220,220
2021-05-26-20,170,220,290,140,270,230,210,260,350,210,220,200,190,260,120,240,230,260,250,220,360,250,220,250
2021-05-26-21,170,170,200,260,220,220,220,260,280,260,180,190,180,180,90,240,240,350,220,210,320,270,230,270
2021-05-26-22,170,150,80,160,170,220,210,260,290,240,190,200,340,360,180,200,240,10,190,200,360,280,230,270
2021-05-26-23,150,180,360,210,200,230,200,300,300,230,200,190,350,210,220,200,220,330,190,180,300,250,230,240
2021-05-26-24,170,170,330,180,210,230,200,260,270,240,190,210,200,320,220,200,260,240,180,180,310,240,220,270
2021-05-27-01,80,190,330,200,180,240,200,280,310,240,200,160,310,40,210,150,260,320,140,220,320,280,130,270
2021-05-27-02,80,230,320,210,160,230,240,270,300,230,180,200,360,10,180,140,250,330,130,180,310,320,190,280
2021-05-27-03,120,160,280,190,170,230,220,230,290,250,180,180,10,340,190,130,250,340,120,140,330,60,210,270
2021-05-27-04,160,170,310,210,160,230,70,220,310,240,180,160,340,360,190,70,250,330,110,90,310,40,180,280
2021-05-27-05,120,210,320,200,140,230,100,320,180,250,180,180,330,350,190,140,240,340,130,120,320,80,80,280
2021-05-27-06,80,150,310,200,170,230,220,270,300,260,180,190,240,110,230,50,250,350,120,120,340,70,40,280
2021-05-27-07,60,160,310,180,130,230,230,280,0,230,180,180,250,260,280,140,260,40,130,100,340,0,130,290
2021-05-27-08,60,80,300,190,240,230,210,250,130,360,200,200,220,0,270,210,270,100,50,200,10,300,70,280
2021-05-27-09,90,250,250,200,210,230,220,280,80,80,220,190,130,240,320,240,280,50,260,240,130,310,90,280
2021-05-27-10,20,300,270,210,200,240,210,280,60,80,240,210,110,320,360,210,270,100,260,250,130,300,50,280
2021-05-27-11,10,300,260,190,280,250,250,280,80,90,280,190,40,320,360,220,210,90,280,210,110,300,60,280
2021-05-27-12,20,290,310,40,300,250,270,280,80,110,270,220,60,290,340,260,190,90,260,230,110,280,60,270
2021-05-27-13,20,300,330,30,290,250,240,280,80,110,270,240,30,280,320,270,220,90,260,260,120,280,60,270
2021-05-27-14,20,290,320,30,300,240,240,280,80,110,260,250,40,310,290,250,220,120,260,270,110,290,50,260
2021-05-27-15,350,280,290,10,300,240,240,280,60,100,280,240,40,290,40,240,190,60,260,260,70,300,90,270
2021-05-27-16,10,260,310,20,300,240,250,270,70,70,260,240,40,280,320,260,210,50,260,270,70,290,50,290
2021-05-27-17,80,240,260,360,290,220,250,280,60,30,260,220,20,280,220,240,240,40,260,260,60,300,50,280
2021-05-27-18,70,250,320,20,300,230,230,270,70,300,250,240,20,230,120,240,240,40,260,270,80,310,50,280
2021-05-27-19,30,240,300,20,270,220,240,240,40,360,200,250,20,290,200,250,240,30,280,270,40,320,110,290
2021-05-27-20,90,250,320,340,270,230,230,240,310,360,220,200,20,170,190,270,240,310,330,310,0,340,340,310
2021-05-27-21,20,320,320,10,270,250,250,230,300,360,180,200,10,360,200,260,250,310,340,300,190,320,280,300
2021-05-27-22,310,320,320,350,340,270,330,280,280,350,180,160,360,140,250,250,250,330,310,260,160,310,300,300
2021-05-27-23,20,320,290,200,310,300,240,290,0,210,230,190,360,120,230,170,260,320,300,300,260,320,310,290
2021-05-27-24,110,290,290,160,260,280,210,290,0,240,220,220,10,320,210,210,250,320,280,240,280,310,290,290
2021-05-28-01,150,250,310,190,280,240,240,300,0,100,230,250,20,270,200,240,250,330,270,230,310,310,300,300
2021-05-28-02,120,210,280,220,290,240,230,180,310,280,200,180,170,260,230,180,250,260,250,210,320,310,300,320
2021-05-28-03,170,200,260,220,240,210,220,270,300,230,180,170,270,190,200,140,250,330,90,200,310,300,300,320
2021-05-28-04,80,170,330,140,220,230,190,250,280,240,180,190,260,200,190,170,250,340,120,120,280,60,300,290
2021-05-28-05,160,160,320,220,160,220,0,240,300,230,170,180,240,180,220,120,240,330,140,120,290,70,300,280
2021-05-28-06,150,180,180,210,150,220,230,180,260,240,190,160,240,180,240,140,220,320,140,120,320,70,300,300
2021-05-28-07,140,170,250,220,140,230,0,250,10,0,180,200,240,160,250,160,230,0,140,120,330,30,280,300
2021-05-28-08,140,160,260,220,160,230,180,260,340,90,220,190,230,210,310,200,240,360,210,150,170,300,110,300
2021-05-28-09,160,220,230,220,270,230,240,270,30,100,210,180,150,330,240,210,240,200,240,220,140,280,40,290
2021-05-28-10,170,240,240,200,210,240,230,230,60,90,230,210,180,300,300,230,230,200,260,240,120,280,190,280
2021-05-28-11,10,280,260,220,220,240,260,280,90,100,250,210,170,310,240,230,250,200,260,240,110,270,210,280
2021-05-28-12,40,270,300,20,280,240,240,270,100,150,250,220,180,300,210,250,260,0,270,240,70,270,190,270
2021-05-28-13,340,280,270,30,290,240,250,270,100,150,250,210,170,280,240,250,260,100,240,230,100,270,180,280
2021-05-28-14,350,300,300,20,290,240,250,280,40,160,250,230,140,280,300,250,280,40,250,210,90,280,190,270
2021-05-28-15,350,300,330,10,290,230,240,280,30,150,260,200,120,280,270,230,300,50,270,230,70,290,200,280
2021-05-28-16,20,320,320,30,290,230,250,280,30,130,260,250,110,290,320,250,310,40,280,220,70,280,200,280
2021-05-28-17,10,30,350,20,360,240,10,270,50,120,240,210,60,230,330,250,310,30,270,230,70,290,200,280
2021-05-28-18,10,340,350,30,330,310,360,290,50,70,220,220,20,300,310,260,300,40,270,220,60,300,200,280
2021-05-28-19,20,330,320,20,310,310,250,300,120,50,230,220,30,290,260,230,270,330,250,250,70,300,160,270
2021-05-28-20,10,340,330,30,300,280,240,300,60,20,220,200,30,220,220,240,260,20,270,240,90,290,100,280
2021-05-28-21,10,320,300,10,300,310,270,290,240,50,220,210,30,270,250,240,280,30,260,210,120,280,40,280
2021-05-28-22,360,320,300,40,310,350,250,280,180,70,210,220,20,270,260,260,270,30,220,220,160,300,50,280
2021-05-28-23,30,30,320,50,320,20,280,290,70,60,200,190,20,10,180,60,270,30,220,170,310,290,30,280
2021-05-28-24,360,0,320,60,350,30,50,330,40,70,220,180,40,110,170,240,240,20,220,200,270,280,290,290
2021-05-29-01,100,170,330,80,100,80,240,290,70,10,170,190,30,60,140,220,240,360,280,200,230,300,280,300
2021-05-29-02,30,0,330,320,60,150,300,310,220,210,190,180,20,80,180,140,250,360,260,240,150,310,290,300
2021-05-29-03,30,280,320,20,130,110,250,270,200,240,180,180,30,250,170,180,250,20,280,220,90,310,240,280
2021-05-29-04,360,130,330,320,140,120,0,0,290,230,180,180,350,260,210,190,250,50,250,220,300,310,220,280
2021-05-29-05,30,140,270,150,80,300,60,0,150,230,190,190,360,210,190,160,250,30,120,190,300,310,290,310
2021-05-29-06,160,180,170,30,70,110,40,160,90,270,180,180,310,200,250,170,250,30,210,170,310,280,260,320
2021-05-29-07,120,160,320,10,90,360,60,120,10,250,170,180,0,0,240,170,240,10,160,140,180,260,190,330
2021-05-29-08,80,140,10,50,90,280,70,270,350,80,190,200,160,350,310,200,240,300,190,190,130,290,180,300
2021-05-29-09,160,160,40,70,90,360,70,300,50,50,210,210,140,320,260,220,250,0,210,190,160,280,160,290
2021-05-29-10,220,220,120,40,90,50,70,10,60,240,210,200,120,10,250,210,250,0,250,200,190,250,150,290
2021-05-29-11,190,150,190,40,80,10,40,250,140,270,230,200,100,300,210,250,250,0,220,230,180,240,120,280
2021-05-29-12,240,160,210,40,90,240,70,280,250,260,230,200,150,310,170,250,250,160,240,170,150,240,40,270
2021-05-29-13,150,160,140,30,100,240,30,270,50,330,240,230,20,190,110,200,270,170,210,180,130,230,40,260
2021-05-29-14,160,170,110,50,80,220,60,250,50,20,250,200,30,280,260,180,270,200,170,170,100,320,40,260
2021-05-29-15,160,300,20,360,100,220,70,180,60,20,240,220,330,250,310,180,260,0,160,150,80,340,140,280
2021-05-29-16,180,170,140,350,90,250,350,280,50,360,250,220,10,250,260,150,280,360,120,190,60,300,30,270
2021-05-29-17,10,170,300,310,60,270,340,280,60,360,240,190,10,270,270,180,250,40,170,180,60,340,160,280
2021-05-29-18,30,310,310,80,100,270,70,270,80,20,230,160,360,210,260,190,250,40,180,170,50,330,190,280
2021-05-29-19,10,320,290,360,120,300,80,270,270,290,180,150,10,70,250,190,270,20,150,130,50,310,180,300
2021-05-29-20,40,10,320,340,310,300,240,290,320,270,210,190,340,60,240,230,260,30,150,170,50,300,90,300
2021-05-29-21,90,20,290,230,290,290,260,300,310,250,210,170,330,10,280,240,260,40,160,170,50,20,20,310
2021-05-29-22,360,350,300,210,280,280,240,290,10,280,190,170,240,40,270,240,260,30,130,160,50,340,10,290
2021-05-29-23,360,310,290,280,280,290,250,280,360,220,190,180,240,320,260,140,260,20,120,80,50,330,40,290
2021-05-29-24,10,330,300,200,270,290,260,300,320,240,200,190,270,120,240,170,260,350,90,80,40,330,40,290
2021-05-30-01,20,330,310,60,280,290,290,300,230,240,180,170,280,90,250,130,-999,0,140,90,40,70,40,290
2021-05-30-02,20,40,310,90,180,320,300,300,270,240,170,170,240,90,220,160,-999,360,170,160,60,0,30,280
2021-05-30-03,50,10,320,0,230,340,260,320,270,270,170,180,250,320,200,150,-999,0,180,170,50,210,340,280
2021-05-30-04,140,80,320,10,220,20,240,0,270,290,170,170,240,150,280,170,-999,340,160,160,300,200,330,280
2021-05-30-05,20,0,260,210,230,350,230,300,200,250,50,110,250,180,30,160,-999,340,150,140,360,170,310,280
2021-05-30-06,90,350,310,0,180,290,230,280,0,240,240,350,260,20,220,170,-999,320,150,150,320,60,40,280
2021-05-30-07,160,0,230,20,200,300,230,190,220,260,160,180,270,350,150,230,-999,330,150,120,10,50,50,280
2021-05-30-08,30,10,340,210,290,300,250,290,0,250,170,190,250,360,40,210,-999,260,150,120,0,140,60,280
2021-05-30-09,170,40,240,360,280,280,250,160,60,50,180,170,240,20,270,180,-999,250,140,110,220,360,50,280
2021-05-30-10,10,350,250,30,290,290,290,180,120,90,170,190,240,40,260,120,-999,260,130,110,20,60,50,270
2021-05-30-11,170,0,250,20,320,340,350,300,40,100,180,180,210,20,270,160,-999,200,130,120,140,60,40,270
2021-05-30-12,160,360,240,30,30,40,50,270,60,110,180,180,180,60,290,200,-999,360,130,120,110,40,220,270
2021-05-30-13,160,360,80,30,60,290,30,280,60,90,180,180,120,50,260,160,-999,160,140,120,180,60,210,270
2021-05-30-14,360,340,350,10,30,350,50,240,80,80,190,180,120,150,320,70,-999,90,140,120,80,220,220,270
2021-05-30-15,10,240,350,70,60,360,60,290,60,80,190,180,110,190,270,220,-999,20,140,160,50,270,200,270
2021-05-30-16,360,320,330,40,120,30,240,350,40,80,190,180,10,200,290,160,-999,20,40,130,40,300,190,280
2021-05-30-17,360,10,230,30,140,30,230,350,360,310,250,100,350,220,260,70,-999,20,140,240,30,360,30,280
2021-05-30-18,360,360,270,40,0,40,250,20,350,10,20,210,10,200,270,170,-999,50,90,270,20,290,30,280
2021-05-30-19,130,150,0,60,140,40,230,20,80,20,50,160,340,210,300,150,-999,350,70,60,40,50,40,280
2021-05-30-20,170,160,310,10,220,30,200,0,0,360,30,360,270,240,280,150,-999,350,100,40,60,60,50,280
2021-05-30-21,190,330,0,310,210,360,210,310,280,230,70,190,250,260,300,140,-999,10,100,90,10,60,30,280
2021-05-30-22,360,20,300,310,280,330,220,340,260,10,40,80,350,210,300,130,-999,20,120,90,270,70,60,280
2021-05-30-23,360,330,0,0,230,320,210,300,120,20,160,200,180,280,320,20,-999,310,120,100,300,90,110,330
2021-05-30-24,210,100,60,250,100,50,190,130,100,0,260,180,250,140,350,170,-999,0,130,110,320,160,320,340
2021-05-31-01,210,80,170,40,60,80,360,300,360,220,300,250,220,230,330,250,-999,260,170,150,320,170,290,350
2021-05-31-02,200,20,210,10,70,90,220,80,170,270,50,0,220,200,290,50,-999,310,160,150,300,150,160,330
2021-05-31-03,180,20,0,50,80,30,190,0,240,310,70,70,310,180,80,210,-999,330,140,140,300,100,280,330
2021-05-31-04,210,20,40,30,90,80,70,100,70,60,70,330,10,200,330,320,-999,340,110,110,310,70,300,330
2021-05-31-05,290,20,90,40,100,50,0,0,40,40,30,10,350,340,140,60,-999,340,120,100,340,80,320,320
2021-05-31-06,220,90,200,10,100,60,60,30,60,10,80,20,20,230,210,300,-999,360,160,140,350,90,340,340
2021-05-31-07,180,130,210,70,100,70,60,40,60,360,80,140,30,0,130,30,-999,0,160,140,10,150,40,330
2021-05-31-08,80,150,220,10,110,60,70,50,70,10,50,0,30,330,160,50,-999,40,190,180,90,110,40,330
2021-05-31-09,210,130,220,10,110,60,70,70,340,230,40,0,40,330,280,300,-999,50,120,140,120,360,40,330
2021-05-31-10,230,150,260,20,110,80,70,100,350,20,60,170,30,330,150,250,-999,50,260,240,60,200,120,300
2021-05-31-11,280,170,240,10,120,60,70,80,300,20,20,200,30,320,250,190,-999,40,190,160,80,100,70,320
2021-05-31-12,80,130,350,50,110,70,70,70,50,360,300,210,50,220,70,210,-999,30,130,150,70,190,140,290
2021-05-31-13,70,190,340,50,110,100,40,350,50,50,50,310,50,240,320,210,-999,30,190,180,60,360,130,330
2021-05-31-14,50,170,230,40,90,110,60,100,90,30,60,40,50,280,290,200,-999,40,250,200,60,290,120,320
2021-05-31-15,80,150,180,120,110,70,60,270,80,40,70,350,40,280,300,230,-999,40,260,250,60,300,40,330
2021-05-31-16,70,200,50,30,90,100,60,90,50,10,350,70,30,330,270,200,-999,40,260,230,60,320,40,290
2021-05-31-17,140,170,360,60,100,80,70,60,70,340,110,80,20,200,20,350,-999,40,270,240,60,290,40,330
2021-05-31-18,160,140,210,10,110,80,70,70,0,310,160,180,20,130,300,80,-999,40,310,280,50,310,40,320
2021-05-31-19,160,140,50,280,110,80,50,100,250,230,170,0,10,110,280,100,-999,40,40,10,50,280,30,350
2021-05-31-20,180,150,40,140,140,90,50,110,280,240,260,250,340,60,280,280,-999,40,20,110,50,310,40,90
2021-05-31-21,100,140,50,360,110,40,60,80,220,250,30,0,340,340,250,10,-999,30,180,180,30,230,30,100
2021-05-31-22,190,140,70,260,90,50,0,90,220,250,90,20,340,280,260,110,-999,40,270,200,40,230,20,100
2021-05-31-23,200,90,40,150,140,90,0,70,270,240,160,140,290,190,250,90,-999,360,240,200,10,240,350,60
2021-05-31-24,90,100,60,280,50,230,0,300,290,260,260,0,300,180,240,50,-999,280,90,0,300,160,270,80
